1
2
3
4
5
6
7
8
9
10
12
13
15
16
18
20
21
23
24
26
27
30
33
36
39
42
54
57
60
72
75
78
81
82
83
84
85
86
87
88
89
90
91
93
94
96
97
99
101
102
104
105
107
108
111
114
117
120
123
135
138
141
153
156
159
162
163
164
165
166
167
168
169
170
171
172
174
175
177
178
180
182
183
185
186
188
189
192
195
198
201
204
216
219
222
234
237
240
243
244
245
246
247
248
249
250
251
252
253
255
256
258
259
261
263
264
266
267
269
270
273
276
279
282
285
297
300
303
315
318
321
324
325
326
327
328
329
330
331
332
333
334
336
337
339
340
342
344
345
347
348
350
351
354
357
360
363
366
378
381
384
396
399
402
405
406
407
408
409
410
411
412
413
414
415
417
418
420
421
423
425
426
428
429
431
432
435
438
441
444
447
459
462
465
477
480
483
486
487
488
489
490
491
492
493
494
495
496
498
499
501
502
504
506
507
509
510
512
513
516
519
522
525
528
540
543
546
558
561
564
567
568
569
570
571
572
573
574
575
576
577
579
580
582
583
585
587
588
590
591
593
594
597
600
603
606
609
621
624
627
639
642
645
648
649
650
651
652
653
654
655
656
657
658
660
661
663
664
666
668
669
671
672
674
675
678
681
684
687
690
702
705
708
720
723
726
729
732
735
738
741
744
747
750
753
756
759
762
765
768
771
783
786
789
801
804
807
810
813
816
819
822
825
828
831
834
837
840
843
846
849
852
864
867
870
882
885
888
891
894
897
900
903
906
909
912
915
918
921
924
927
930
933
945
948
951
963
966
969
1458
1461
1464
1467
1470
1473
1476
1479
1482
1485
1488
1491
1494
1497
1500
1512
1515
1518
1530
1533
1536
1539
1542
1545
1548
1551
1554
1557
1560
1563
1566
1569
1572
1575
1578
1581
1593
1596
1599
1611
1614
1617
1620
1623
1626
1629
1632
1635
1638
1641
1644
1647
1650
1653
1656
1659
1662
1674
1677
1680
1692
1695
1698
2187
2190
2193
2196
2199
2202
2214
2216
2217
2219
2220
2222
2223
2224
2225
2226
2227
2228
2229
2230
2231
2232
2233
2235
2236
2238
2239
2250
2253
2256
2259
2262
2265
2268
2271
2274
2277
2280
2283
2295
2297
2298
2300
2301
2303
2304
2305
2306
2307
2308
2309
2310
2311
2312
2313
2314
2316
2317
2319
2320
2331
2334
2337
2340
2343
2346
2349
2352
2355
2358
2361
2364
2376
2378
2379
2381
2382
2384
2385
2386
2387
2388
2389
2390
2391
2392
2393
2394
2395
2397
2398
2400
2401
2412
2415
2418
2421
2424
2427
2430
2433
2436
2439
2442
2445
2457
2459
2460
2462
2463
2465
2466
2467
2468
2469
2470
2471
2472
2473
2474
2475
2476
2478
2479
2481
2482
2493
2496
2499
2502
2505
2508
2511
2514
2517
2520
2523
2526
2538
2540
2541
2543
2544
2546
2547
2548
2549
2550
2551
2552
2553
2554
2555
2556
2557
2559
2560
2562
2563
2574
2577
2580
2583
2586
2589
2592
2595
2598
2601
2604
2607
2619
2621
2622
2624
2625
2627
2628
2629
2630
2631
2632
2633
2634
2635
2636
2637
2638
2640
2641
2643
2644
2655
2658
2661
2664
2667
2670
2673
2676
2679
2682
2685
2688
2700
2702
2703
2705
2706
2708
2709
2710
2711
2712
2713
2714
2715
2716
2717
2718
2719
2721
2722
2724
2725
2736
2739
2742
2745
2748
2751
2754
2757
2760
2763
2766
2769
2781
2783
2784
2786
2787
2789
2790
2791
2792
2793
2794
2795
2796
2797
2798
2799
2800
2802
2803
2805
2806
2817
2820
2823
2826
2829
2832
2835
2838
2841
2844
2847
2850
2862
2864
2865
2867
2868
2870
2871
2872
2873
2874
2875
2876
2877
2878
2879
2880
2881
2883
2884
2886
2887
2898
2901
2904
2907
2910
2913
2916
2919
2922
2925
2928
2931
2943
2946
2949
2952
2955
2958
2961
2964
2967
2979
2982
2985
2988
2991
2994
2997
3000
3003
3006
3009
3012
3024
3027
3030
3033
3036
3039
3042
3045
3048
3060
3063
3066
3069
3072
3075
3078
3081
3084
3087
3090
3093
3105
3108
3111
3114
3117
3120
3123
3126
3129
3141
3144
3147
3150
3153
3156
3645
3648
3651
3654
3657
3660
3672
3675
3678
3681
3684
3687
3690
3693
3696
3708
3711
3714
3717
3720
3723
3726
3729
3732
3735
3738
3741
3753
3756
3759
3762
3765
3768
3771
3774
3777
3789
3792
3795
3798
3801
3804
3807
3810
3813
3816
3819
3822
3834
3837
3840
3843
3846
3849
3852
3855
3858
3870
3873
3876
3879
3882
3885
4374
4377
4380
4392
4395
4398
4410
4413
4416
4419
4422
4425
4428
4429
4431
4432
4434
4435
4437
4439
4440
4442
4443
4445
4446
4447
4448
4449
4450
4451
4452
4453
4454
4455
4458
4461
4473
4476
4479
4491
4494
4497
4500
4503
4506
4509
4510
4512
4513
4515
4516
4518
4520
4521
4523
4524
4526
4527
4528
4529
4530
4531
4532
4533
4534
4535
4536
4539
4542
4554
4557
4560
4572
4575
4578
4581
4584
4587
4590
4591
4593
4594
4596
4597
4599
4601
4602
4604
4605
4607
4608
4609
4610
4611
4612
4613
4614
4615
4616
4617
4620
4623
4635
4638
4641
4653
4656
4659
4662
4665
4668
4671
4672
4674
4675
4677
4678
4680
4682
4683
4685
4686
4688
4689
4690
4691
4692
4693
4694
4695
4696
4697
4698
4701
4704
4716
4719
4722
4734
4737
4740
4743
4746
4749
4752
4753
4755
4756
4758
4759
4761
4763
4764
4766
4767
4769
4770
4771
4772
4773
4774
4775
4776
4777
4778
4779
4782
4785
4797
4800
4803
4815
4818
4821
4824
4827
4830
4833
4834
4836
4837
4839
4840
4842
4844
4845
4847
4848
4850
4851
4852
4853
4854
4855
4856
4857
4858
4859
4860
4863
4866
4878
4881
4884
4896
4899
4902
4905
4908
4911
4914
4915
4917
4918
4920
4921
4923
4925
4926
4928
4929
4931
4932
4933
4934
4935
4936
4937
4938
4939
4940
4941
4944
4947
4959
4962
4965
4977
4980
4983
4986
4989
4992
4995
4996
4998
4999
5001
5002
5004
5006
5007
5009
5010
5012
5013
5014
5015
5016
5017
5018
5019
5020
5021
5022
5025
5028
5040
5043
5046
5058
5061
5064
5067
5070
5073
5076
5077
5079
5080
5082
5083
5085
5087
5088
5090
5091
5093
5094
5095
5096
5097
5098
5099
5100
5101
5102
5103
5106
5109
5121
5124
5127
5139
5142
5145
5148
5151
5154
5157
5160
5163
5166
5169
5172
5175
5178
5181
5184
5187
5190
5202
5205
5208
5220
5223
5226
5229
5232
5235
5238
5241
5244
5247
5250
5253
5256
5259
5262
5265
5268
5271
5283
5286
5289
5301
5304
5307
5310
5313
5316
5319
5322
5325
5328
5331
5334
5337
5340
5343
5832
5835
5838
5850
5853
5856
5868
5871
5874
5877
5880
5883
5886
5889
5892
5895
5898
5901
5904
5907
5910
5913
5916
5919
5931
5934
5937
5949
5952
5955
5958
5961
5964
5967
5970
5973
5976
5979
5982
5985
5988
5991
5994
5997
6000
6012
6015
6018
6030
6033
6036
6039
6042
6045
6048
6051
6054
6057
6060
6063
6066
6069
6072
6561
6562
6563
6564
6565
6566
6567
6568
6569
6570
6571
6573
6574
6576
6577
6579
6581
6582
6584
6585
6587
6588
6591
6594
6597
6600
6603
6615
6618
6621
6633
6636
6639
6642
6643
6644
6645
6646
6647
6648
6649
6650
6651
6652
6654
6655
6657
6658
6660
6662
6663
6665
6666
6668
6669
6672
6675
6678
6681
6684
6696
6699
6702
6714
6717
6720
6723
6724
6725
6726
6727
6728
6729
6730
6731
6732
6733
6735
6736
6738
6739
6741
6743
6744
6746
6747
6749
6750
6753
6756
6759
6762
6765
6777
6780
6783
6795
6798
6801
7047
7048
7049
7050
7051
7052
7053
7054
7055
7056
7057
7059
7060
7062
7063
7065
7067
7068
7070
7071
7073
7074
7077
7080
7083
7086
7089
7101
7104
7107
7119
7122
7125
7128
7129
7130
7131
7132
7133
7134
7135
7136
7137
7138
7140
7141
7143
7144
7146
7148
7149
7151
7152
7154
7155
7158
7161
7164
7167
7170
7182
7185
7188
7200
7203
7206
7209
7210
7211
7212
7213
7214
7215
7216
7217
7218
7219
7221
7222
7224
7225
7227
7229
7230
7232
7233
7235
7236
7239
7242
7245
7248
7251
7263
7266
7269
7281
7284
7287
7776
7779
7782
7785
7788
7791
7794
7797
7800
7803
7806
7809
7812
7815
7818
7830
7833
7836
7848
7851
7854
7857
7860
7863
7866
7869
7872
7875
7878
7881
7884
7887
7890
7893
7896
7899
7911
7914
7917
7929
7932
7935
7938
7941
7944
7947
7950
7953
7956
7959
7962
7965
7968
7971
7974
7977
7980
7992
7995
7998
8010
8013
8016
8505
8508
8511
8514
8517
8520
8523
8526
8529
8532
8535
8538
8541
8544
8547
8559
8562
8565
8577
8580
8583
8586
8589
8592
8595
8598
8601
8604
8607
8610
8613
8616
8619
8622
8625
8628
8640
8643
8646
8658
8661
8664
8667
8670
8673
8676
8679
8682
8685
8688
8691
8694
8697
8700
8703
8706
8709
8721
8724
8727
8739
8742
8745
8748
8751
8754
8757
8760
8763
8775
8777
8778
8780
8781
8783
8784
8785
8786
8787
8788
8789
8790
8791
8792
8793
8794
8796
8797
8799
8800
8811
8814
8817
8820
8823
8826
8829
8832
8835
8838
8841
8844
8856
8858
8859
8861
8862
8864
8865
8866
8867
8868
8869
8870
8871
8872
8873
8874
8875
8877
8878
8880
8881
8892
8895
8898
8901
8904
8907
8910
8913
8916
8919
8922
8925
8937
8939
8940
8942
8943
8945
8946
8947
8948
8949
8950
8951
8952
8953
8954
8955
8956
8958
8959
8961
8962
8973
8976
8979
8982
8985
8988
9234
9237
9240
9243
9246
9249
9261
9263
9264
9266
9267
9269
9270
9271
9272
9273
9274
9275
9276
9277
9278
9279
9280
9282
9283
9285
9286
9297
9300
9303
9306
9309
9312
9315
9318
9321
9324
9327
9330
9342
9344
9345
9347
9348
9350
9351
9352
9353
9354
9355
9356
9357
9358
9359
9360
9361
9363
9364
9366
9367
9378
9381
9384
9387
9390
9393
9396
9399
9402
9405
9408
9411
9423
9425
9426
9428
9429
9431
9432
9433
9434
9435
9436
9437
9438
9439
9440
9441
9442
9444
9445
9447
9448
9459
9462
9465
9468
9471
9474
9963
9966
9969
9972
9975
9978
9990
9993
9996
9999
10002
10005
10008
10011
10014
10026
10029
10032
10035
10038
10041
10044
10047
10050
10053
10056
10059
10071
10074
10077
10080
10083
10086
10089
10092
10095
10107
10110
10113
10116
10119
10122
10125
10128
10131
10134
10137
10140
10152
10155
10158
10161
10164
10167
10170
10173
10176
10188
10191
10194
10197
10200
10203
10692
10695
10698
10701
10704
10707
10719
10722
10725
10728
10731
10734
10737
10740
10743
10755
10758
10761
10764
10767
10770
10773
10776
10779
10782
10785
10788
10800
10803
10806
10809
10812
10815
10818
10821
10824
10836
10839
10842
10845
10848
10851
10854
10857
10860
10863
10866
10869
10881
10884
10887
10890
10893
10896
10899
10902
10905
10917
10920
10923
10926
10929
10932
10935
10938
10941
10953
10956
10959
10971
10974
10977
10980
10983
10986
10989
10990
10992
10993
10995
10996
10998
11000
11001
11003
11004
11006
11007
11008
11009
11010
11011
11012
11013
11014
11015
11016
11019
11022
11034
11037
11040
11052
11055
11058
11061
11064
11067
11070
11071
11073
11074
11076
11077
11079
11081
11082
11084
11085
11087
11088
11089
11090
11091
11092
11093
11094
11095
11096
11097
11100
11103
11115
11118
11121
11133
11136
11139
11142
11145
11148
11151
11152
11154
11155
11157
11158
11160
11162
11163
11165
11166
11168
11169
11170
11171
11172
11173
11174
11175
11176
11177
11421
11424
11427
11439
11442
11445
11457
11460
11463
11466
11469
11472
11475
11476
11478
11479
11481
11482
11484
11486
11487
11489
11490
11492
11493
11494
11495
11496
11497
11498
11499
11500
11501
11502
11505
11508
11520
11523
11526
11538
11541
11544
11547
11550
11553
11556
11557
11559
11560
11562
11563
11565
11567
11568
11570
11571
11573
11574
11575
11576
11577
11578
11579
11580
11581
11582
11583
11586
11589
11601
11604
11607
11619
11622
11625
11628
11631
11634
11637
11638
11640
11641
11643
11644
11646
11648
11649
11651
11652
11654
11655
11656
11657
11658
11659
11660
11661
11662
11663
12150
12153
12156
12168
12171
12174
12186
12189
12192
12195
12198
12201
12204
12207
12210
12213
12216
12219
12222
12225
12228
12231
12234
12237
12249
12252
12255
12267
12270
12273
12276
12279
12282
12285
12288
12291
12294
12297
12300
12303
12306
12309
12312
12315
12318
12330
12333
12336
12348
12351
12354
12357
12360
12363
12366
12369
12372
12375
12378
12381
12384
12387
12390
12879
12882
12885
12897
12900
12903
12915
12918
12921
12924
12927
12930
12933
12936
12939
12942
12945
12948
12951
12954
12957
12960
12963
12966
12978
12981
12984
12996
12999
13002
13005
13008
13011
13014
13017
13020
13023
13026
13029
13032
13035
13038
13041
13044
13047
13059
13062
13065
13077
13080
13083
13086
13089
13092
13095
13098
13101
13104
13107
13110
13113
13116
13119
13122
13123
13124
13125
13126
13127
13128
13129
13130
13131
13132
13134
13135
13137
13138
13140
13142
13143
13145
13146
13148
13149
13152
13155
13158
13161
13164
13176
13179
13182
13194
13197
13200
13203
13204
13205
13206
13207
13208
13209
13210
13211
13212
13213
13215
13216
13218
13219
13221
13223
13224
13226
13227
13229
13230
13233
13236
13239
13242
13245
13257
13260
13263
13275
13278
13281
13284
13285
13286
13287
13288
13289
13290
13291
13292
13293
13294
13296
13297
13299
13300
13302
13304
13305
13307
13308
13310
13311
13314
13317
13320
13323
13326
13338
13341
13344
13356
13359
13362
13365
13366
13367
13368
13369
13370
13371
13372
13373
13374
13375
13377
13378
13380
13381
13383
13385
13386
13388
13389
13391
13392
13395
13398
13401
13404
13407
13419
13422
13425
13437
13440
13443
13446
13447
13448
13449
13450
13451
13452
13453
13454
13455
13456
13458
13459
13461
13462
13464
13466
13467
13469
13470
13472
13473
13476
13479
13482
13485
13488
13500
13503
13506
13518
13521
13524
13527
13528
13529
13530
13531
13532
13533
13534
13535
13536
13537
13539
13540
13542
13543
13545
13547
13548
13550
13551
13553
13554
13557
13560
13563
13566
13569
13581
13584
13587
13599
13602
13605
14094
14097
14100
14103
14106
14109
14112
14115
14118
14121
14124
14127
14130
14133
14136
14148
14151
14154
14166
14169
14172
14175
14178
14181
14184
14187
14190
14193
14196
14199
14202
14205
14208
14211
14214
14217
14229
14232
14235
14247
14250
14253
14256
14259
14262
14265
14268
14271
14274
14277
14280
14283
14286
14289
14292
14295
14298
14310
14313
14316
14328
14331
14334
14823
14826
14829
14832
14835
14838
14841
14844
14847
14850
14853
14856
14859
14862
14865
14877
14880
14883
14895
14898
14901
14904
14907
14910
14913
14916
14919
14922
14925
14928
14931
14934
14937
14940
14943
14946
14958
14961
14964
14976
14979
14982
14985
14988
14991
14994
14997
15000
15003
15006
15009
15012
15015
15018
15021
15024
15027
15039
15042
15045
15057
15060
15063
15309
15312
15315
15318
15321
15324
15336
15338
15339
15341
15342
15344
15345
15346
15347
15348
15349
15350
15351
15352
15353
15354
15355
15357
15358
15360
15361
15372
15375
15378
15381
15384
15387
15390
15393
15396
15399
15402
15405
15417
15419
15420
15422
15423
15425
15426
15427
15428
15429
15430
15431
15432
15433
15434
15435
15436
15438
15439
15441
15442
15453
15456
15459
15462
15465
15468
15471
15474
15477
15480
15483
15486
15498
15500
15501
15503
15504
15506
15507
15508
15509
15510
15511
15512
15513
15514
15515
15516
15517
15519
15520
15522
15523
15534
15537
15540
15543
15546
15549
15552
15555
15558
15561
15564
15567
15579
15581
15582
15584
15585
15587
15588
15589
15590
15591
15592
15593
15594
15595
15596
15597
15598
15600
15601
15603
15604
15615
15618
15621
15624
15627
15630
15633
15636
15639
15642
15645
15648
15660
15662
15663
15665
15666
15668
15669
15670
15671
15672
15673
15674
15675
15676
15677
15678
15679
15681
15682
15684
15685
15696
15699
15702
15705
15708
15711
15714
15717
15720
15723
15726
15729
15741
15743
15744
15746
15747
15749
15750
15751
15752
15753
15754
15755
15756
15757
15758
15759
15760
15762
15763
15765
15766
15777
15780
15783
15786
15789
15792
16281
16284
16287
16290
16293
16296
16308
16311
16314
16317
16320
16323
16326
16329
16332
16344
16347
16350
16353
16356
16359
16362
16365
16368
16371
16374
16377
16389
16392
16395
16398
16401
16404
16407
16410
16413
16425
16428
16431
16434
16437
16440
16443
16446
16449
16452
16455
16458
16470
16473
16476
16479
16482
16485
16488
16491
16494
16506
16509
16512
16515
16518
16521
17010
17013
17016
17019
17022
17025
17037
17040
17043
17046
17049
17052
17055
17058
17061
17073
17076
17079
17082
17085
17088
17091
17094
17097
17100
17103
17106
17118
17121
17124
17127
17130
17133
17136
17139
17142
17154
17157
17160
17163
17166
17169
17172
17175
17178
17181
17184
17187
17199
17202
17205
17208
17211
17214
17217
17220
17223
17235
17238
17241
17244
17247
17250
17496
17499
17502
17514
17517
17520
17532
17535
17538
17541
17544
17547
17550
17551
17553
17554
17556
17557
17559
17561
17562
17564
17565
17567
17568
17569
17570
17571
17572
17573
17574
17575
17576
17577
17580
17583
17595
17598
17601
17613
17616
17619
17622
17625
17628
17631
17632
17634
17635
17637
17638
17640
17642
17643
17645
17646
17648
17649
17650
17651
17652
17653
17654
17655
17656
17657
17658
17661
17664
17676
17679
17682
17694
17697
17700
17703
17706
17709
17712
17713
17715
17716
17718
17719
17721
17723
17724
17726
17727
17729
17730
17731
17732
17733
17734
17735
17736
17737
17738
17739
17742
17745
17757
17760
17763
17775
17778
17781
17784
17787
17790
17793
17794
17796
17797
17799
17800
17802
17804
17805
17807
17808
17810
17811
17812
17813
17814
17815
17816
17817
17818
17819
17820
17823
17826
17838
17841
17844
17856
17859
17862
17865
17868
17871
17874
17875
17877
17878
17880
17881
17883
17885
17886
17888
17889
17891
17892
17893
17894
17895
17896
17897
17898
17899
17900
17901
17904
17907
17919
17922
17925
17937
17940
17943
17946
17949
17952
17955
17956
17958
17959
17961
17962
17964
17966
17967
17969
17970
17972
17973
17974
17975
17976
17977
17978
17979
17980
17981
18468
18471
18474
18486
18489
18492
18504
18507
18510
18513
18516
18519
18522
18525
18528
18531
18534
18537
18540
18543
18546
18549
18552
18555
18567
18570
18573
18585
18588
18591
18594
18597
18600
18603
18606
18609
18612
18615
18618
18621
18624
18627
18630
18633
18636
18648
18651
18654
18666
18669
18672
18675
18678
18681
18684
18687
18690
18693
18696
18699
18702
18705
18708
19197
19200
19203
19215
19218
19221
19233
19236
19239
19242
19245
19248
19251
19254
19257
19260
19263
19266
19269
19272
19275
19278
19281
19284
19296
19299
19302
19314
19317
19320
19323
19326
19329
19332
19335
19338
19341
19344
19347
19350
19353
19356
19359
19362
19365
19377
19380
19383
19395
19398
19401
19404
19407
19410
19413
19416
19419
19422
19425
19428
19431
19434
19437
19683
19684
19685
19686
19687
19688
19689
19690
19691
19692
19693
19695
19696
19698
19699
19701
19703
19704
19706
19707
19709
19710
19713
19716
19719
19722
19725
19737
19740
19743
19755
19758
19761
19764
19765
19766
19767
19768
19769
19770
19771
19772
19773
19774
19776
19777
19779
19780
19782
19784
19785
19787
19788
19790
19791
19794
19797
19800
19803
19806
19818
19821
19824
19836
19839
19842
19845
19846
19847
19848
19849
19850
19851
19852
19853
19854
19855
19857
19858
19860
19861
19863
19865
19866
19868
19869
19871
19872
19875
19878
19881
19884
19887
19899
19902
19905
19917
19920
19923
20412
20415
20418
20421
20424
20427
20430
20433
20436
20439
20442
20445
20448
20451
20454
20466
20469
20472
20484
20487
20490
20493
20496
20499
20502
20505
20508
20511
20514
20517
20520
20523
20526
20529
20532
20535
20547
20550
20553
20565
20568
20571
20574
20577
20580
20583
20586
20589
20592
20595
20598
20601
20604
20607
20610
20613
20616
20628
20631
20634
20646
20649
20652
21141
21144
21147
21150
21153
21156
21159
21162
21165
21168
21171
21174
21177
21180
21183
21195
21198
21201
21213
21216
21219
21222
21225
21228
21231
21234
21237
21240
21243
21246
21249
21252
21255
21258
21261
21264
21276
21279
21282
21294
21297
21300
21303
21306
21309
21312
21315
21318
21321
21324
21327
21330
21333
21336
21339
21342
21345
21357
21360
21363
21375
21378
21381
21870
21873
21876
21879
21882
21885
21897
21899
21900
21902
21903
21905
21906
21907
21908
21909
21910
21911
21912
21913
21914
21915
21916
21918
21919
21921
21922
21933
21936
21939
21942
21945
21948
21951
21954
21957
21960
21963
21966
21978
21980
21981
21983
21984
21986
21987
21988
21989
21990
21991
21992
21993
21994
21995
21996
21997
21999
22000
22002
22003
22014
22017
22020
22023
22026
22029
22032
22035
22038
22041
22044
22047
22059
22061
22062
22064
22065
22067
22068
22069
22070
22071
22072
22073
22074
22075
22076
22077
22078
22080
22081
22083
22084
22095
22098
22101
22104
22107
22110
22599
22602
22605
22608
22611
22614
22626
22629
22632
22635
22638
22641
22644
22647
22650
22662
22665
22668
22671
22674
22677
22680
22683
22686
22689
22692
22695
22707
22710
22713
22716
22719
22722
22725
22728
22731
22743
22746
22749
22752
22755
22758
22761
22764
22767
22770
22773
22776
22788
22791
22794
22797
22800
22803
22806
22809
22812
22824
22827
22830
22833
22836
22839
23328
23331
23334
23337
23340
23343
23355
23358
23361
23364
23367
23370
23373
23376
23379
23391
23394
23397
23400
23403
23406
23409
23412
23415
23418
23421
23424
23436
23439
23442
23445
23448
23451
23454
23457
23460
23472
23475
23478
23481
23484
23487
23490
23493
23496
23499
23502
23505
23517
23520
23523
23526
23529
23532
23535
23538
23541
23553
23556
23559
23562
23565
23568
24057
24060
24063
24075
24078
24081
24093
24096
24099
24102
24105
24108
24111
24112
24114
24115
24117
24118
24120
24122
24123
24125
24126
24128
24129
24130
24131
24132
24133
24134
24135
24136
24137
24138
24141
24144
24156
24159
24162
24174
24177
24180
24183
24186
24189
24192
24193
24195
24196
24198
24199
24201
24203
24204
24206
24207
24209
24210
24211
24212
24213
24214
24215
24216
24217
24218
24219
24222
24225
24237
24240
24243
24255
24258
24261
24264
24267
24270
24273
24274
24276
24277
24279
24280
24282
24284
24285
24287
24288
24290
24291
24292
24293
24294
24295
24296
24297
24298
24299
24786
24789
24792
24804
24807
24810
24822
24825
24828
24831
24834
24837
24840
24843
24846
24849
24852
24855
24858
24861
24864
24867
24870
24873
24885
24888
24891
24903
24906
24909
24912
24915
24918
24921
24924
24927
24930
24933
24936
24939
24942
24945
24948
24951
24954
24966
24969
24972
24984
24987
24990
24993
24996
24999
25002
25005
25008
25011
25014
25017
25020
25023
25026
25515
25518
25521
25533
25536
25539
25551
25554
25557
25560
25563
25566
25569
25572
25575
25578
25581
25584
25587
25590
25593
25596
25599
25602
25614
25617
25620
25632
25635
25638
25641
25644
25647
25650
25653
25656
25659
25662
25665
25668
25671
25674
25677
25680
25683
25695
25698
25701
25713
25716
25719
25722
25725
25728
25731
25734
25737
25740
25743
25746
25749
25752
25755
26730
26731
26732
26733
26734
26735
26736
26737
26738
26739
26740
26742
26743
26745
26746
26748
26750
26751
26753
26754
26756
26757
26760
26763
26766
26769
26772
26784
26787
26790
26802
26805
26808
26811
26812
26813
26814
26815
26816
26817
26818
26819
26820
26821
26823
26824
26826
26827
26829
26831
26832
26834
26835
26837
26838
26841
26844
26847
26850
26853
26865
26868
26871
26883
26886
26889
26892
26893
26894
26895
26896
26897
26898
26899
26900
26901
26902
26904
26905
26907
26908
26910
26912
26913
26915
26916
26918
26919
26922
26925
26928
26931
26934
26946
26949
26952
26964
26967
26970
27459
27462
27465
27468
27471
27474
27477
27480
27483
27486
27489
27492
27495
27498
27501
27513
27516
27519
27531
27534
27537
27540
27543
27546
27549
27552
27555
27558
27561
27564
27567
27570
27573
27576
27579
27582
27594
27597
27600
27612
27615
27618
27621
27624
27627
27630
27633
27636
27639
27642
27645
27648
27651
27654
27657
27660
27663
27675
27678
27681
27693
27696
27699
28188
28191
28194
28197
28200
28203
28206
28209
28212
28215
28218
28221
28224
28227
28230
28242
28245
28248
28260
28263
28266
28269
28272
28275
28278
28281
28284
28287
28290
28293
28296
28299
28302
28305
28308
28311
28323
28326
28329
28341
28344
28347
28350
28353
28356
28359
28362
28365
28368
28371
28374
28377
28380
28383
28386
28389
28392
28404
28407
28410
28422
28425
28428
28917
28920
28923
28926
28929
28932
28944
28946
28947
28949
28950
28952
28953
28954
28955
28956
28957
28958
28959
28960
28961
28962
28963
28965
28966
28968
28969
28980
28983
28986
28989
28992
28995
28998
29001
29004
29007
29010
29013
29025
29027
29028
29030
29031
29033
29034
29035
29036
29037
29038
29039
29040
29041
29042
29043
29044
29046
29047
29049
29050
29061
29064
29067
29070
29073
29076
29079
29082
29085
29088
29091
29094
29106
29108
29109
29111
29112
29114
29115
29116
29117
29118
29119
29120
29121
29122
29123
29124
29125
29127
29128
29130
29131
29142
29145
29148
29151
29154
29157
29646
29649
29652
29655
29658
29661
29673
29676
29679
29682
29685
29688
29691
29694
29697
29709
29712
29715
29718
29721
29724
29727
29730
29733
29736
29739
29742
29754
29757
29760
29763
29766
29769
29772
29775
29778
29790
29793
29796
29799
29802
29805
29808
29811
29814
29817
29820
29823
29835
29838
29841
29844
29847
29850
29853
29856
29859
29871
29874
29877
29880
29883
29886
30375
30378
30381
30384
30387
30390
30402
30405
30408
30411
30414
30417
30420
30423
30426
30438
30441
30444
30447
30450
30453
30456
30459
30462
30465
30468
30471
30483
30486
30489
30492
30495
30498
30501
30504
30507
30519
30522
30525
30528
30531
30534
30537
30540
30543
30546
30549
30552
30564
30567
30570
30573
30576
30579
30582
30585
30588
30600
30603
30606
30609
30612
30615
31104
31107
31110
31122
31125
31128
31140
31143
31146
31149
31152
31155
31158
31159
31161
31162
31164
31165
31167
31169
31170
31172
31173
31175
31176
31177
31178
31179
31180
31181
31182
31183
31184
31185
31188
31191
31203
31206
31209
31221
31224
31227
31230
31233
31236
31239
31240
31242
31243
31245
31246
31248
31250
31251
31253
31254
31256
31257
31258
31259
31260
31261
31262
31263
31264
31265
31266
31269
31272
31284
31287
31290
31302
31305
31308
31311
31314
31317
31320
31321
31323
31324
31326
31327
31329
31331
31332
31334
31335
31337
31338
31339
31340
31341
31342
31343
31344
31345
31346
31833
31836
31839
31851
31854
31857
31869
31872
31875
31878
31881
31884
31887
31890
31893
31896
31899
31902
31905
31908
31911
31914
31917
31920
31932
31935
31938
31950
31953
31956
31959
31962
31965
31968
31971
31974
31977
31980
31983
31986
31989
31992
31995
31998
32001
32013
32016
32019
32031
32034
32037
32040
32043
32046
32049
32052
32055
32058
32061
32064
32067
32070
32073
32562
32565
32568
32580
32583
32586
32598
32601
32604
32607
32610
32613
32616
32619
32622
32625
32628
32631
32634
32637
32640
32643
32646
32649
32661
32664
32667
32679
32682
32685
32688
32691
32694
32697
32700
32703
32706
32709
32712
32715
32718
32721
32724
32727
32730
32742
32745
32748
32760
32763
32766
32769
32772
32775
32778
32781
32784
32787
32790
32793
32796
32799
32802
39366
39367
39368
39369
39370
39371
39372
39373
39374
39375
39376
39378
39379
39381
39382
39384
39386
39387
39389
39390
39392
39393
39396
39399
39402
39405
39408
39420
39423
39426
39438
39441
39444
39447
39448
39449
39450
39451
39452
39453
39454
39455
39456
39457
39459
39460
39462
39463
39465
39467
39468
39470
39471
39473
39474
39477
39480
39483
39486
39489
39501
39504
39507
39519
39522
39525
39528
39529
39530
39531
39532
39533
39534
39535
39536
39537
39538
39540
39541
39543
39544
39546
39548
39549
39551
39552
39554
39555
39558
39561
39564
39567
39570
39582
39585
39588
39600
39603
39606
40095
40098
40101
40104
40107
40110
40113
40116
40119
40122
40125
40128
40131
40134
40137
40149
40152
40155
40167
40170
40173
40176
40179
40182
40185
40188
40191
40194
40197
40200
40203
40206
40209
40212
40215
40218
40230
40233
40236
40248
40251
40254
40257
40260
40263
40266
40269
40272
40275
40278
40281
40284
40287
40290
40293
40296
40299
40311
40314
40317
40329
40332
40335
40824
40827
40830
40833
40836
40839
40842
40845
40848
40851
40854
40857
40860
40863
40866
40878
40881
40884
40896
40899
40902
40905
40908
40911
40914
40917
40920
40923
40926
40929
40932
40935
40938
40941
40944
40947
40959
40962
40965
40977
40980
40983
40986
40989
40992
40995
40998
41001
41004
41007
41010
41013
41016
41019
41022
41025
41028
41040
41043
41046
41058
41061
41064
41553
41556
41559
41562
41565
41568
41580
41582
41583
41585
41586
41588
41589
41590
41591
41592
41593
41594
41595
41596
41597
41598
41599
41601
41602
41604
41605
41616
41619
41622
41625
41628
41631
41634
41637
41640
41643
41646
41649
41661
41663
41664
41666
41667
41669
41670
41671
41672
41673
41674
41675
41676
41677
41678
41679
41680
41682
41683
41685
41686
41697
41700
41703
41706
41709
41712
41715
41718
41721
41724
41727
41730
41742
41744
41745
41747
41748
41750
41751
41752
41753
41754
41755
41756
41757
41758
41759
41760
41761
41763
41764
41766
41767
41778
41781
41784
41787
41790
41793
42282
42285
42288
42291
42294
42297
42309
42312
42315
42318
42321
42324
42327
42330
42333
42345
42348
42351
42354
42357
42360
42363
42366
42369
42372
42375
42378
42390
42393
42396
42399
42402
42405
42408
42411
42414
42426
42429
42432
42435
42438
42441
42444
42447
42450
42453
42456
42459
42471
42474
42477
42480
42483
42486
42489
42492
42495
42507
42510
42513
42516
42519
42522
43011
43014
43017
43020
43023
43026
43038
43041
43044
43047
43050
43053
43056
43059
43062
43074
43077
43080
43083
43086
43089
43092
43095
43098
43101
43104
43107
43119
43122
43125
43128
43131
43134
43137
43140
43143
43155
43158
43161
43164
43167
43170
43173
43176
43179
43182
43185
43188
43200
43203
43206
43209
43212
43215
43218
43221
43224
43236
43239
43242
43245
43248
43251
43740
43743
43746
43758
43761
43764
43776
43779
43782
43785
43788
43791
43794
43795
43797
43798
43800
43801
43803
43805
43806
43808
43809
43811
43812
43813
43814
43815
43816
43817
43818
43819
43820
43821
43824
43827
43839
43842
43845
43857
43860
43863
43866
43869
43872
43875
43876
43878
43879
43881
43882
43884
43886
43887
43889
43890
43892
43893
43894
43895
43896
43897
43898
43899
43900
43901
43902
43905
43908
43920
43923
43926
43938
43941
43944
43947
43950
43953
43956
43957
43959
43960
43962
43963
43965
43967
43968
43970
43971
43973
43974
43975
43976
43977
43978
43979
43980
43981
43982
44469
44472
44475
44487
44490
44493
44505
44508
44511
44514
44517
44520
44523
44526
44529
44532
44535
44538
44541
44544
44547
44550
44553
44556
44568
44571
44574
44586
44589
44592
44595
44598
44601
44604
44607
44610
44613
44616
44619
44622
44625
44628
44631
44634
44637
44649
44652
44655
44667
44670
44673
44676
44679
44682
44685
44688
44691
44694
44697
44700
44703
44706
44709
45198
45201
45204
45216
45219
45222
45234
45237
45240
45243
45246
45249
45252
45255
45258
45261
45264
45267
45270
45273
45276
45279
45282
45285
45297
45300
45303
45315
45318
45321
45324
45327
45330
45333
45336
45339
45342
45345
45348
45351
45354
45357
45360
45363
45366
45378
45381
45384
45396
45399
45402
45405
45408
45411
45414
45417
45420
45423
45426
45429
45432
45435
45438
52731
52732
52733
52734
52735
52736
52737
52738
52739
52740
52741
52743
52744
52746
52747
52749
52751
52752
52754
52755
52757
52758
52761
52764
52767
52770
52773
52785
52788
52791
52803
52806
52809
52812
52813
52814
52815
52816
52817
52818
52819
52820
52821
52822
52824
52825
52827
52828
52830
52832
52833
52835
52836
52838
52839
52842
52845
52848
52851
52854
52866
52869
52872
52884
52887
52890
52893
52894
52895
52896
52897
52898
52899
52900
52901
52902
52903
52905
52906
52908
52909
52911
52913
52914
52916
52917
52919
52920
52923
52926
52929
52932
52935
52947
52950
52953
52965
52968
52971
53460
53463
53466
53469
53472
53475
53478
53481
53484
53487
53490
53493
53496
53499
53502
53514
53517
53520
53532
53535
53538
53541
53544
53547
53550
53553
53556
53559
53562
53565
53568
53571
53574
53577
53580
53583
53595
53598
53601
53613
53616
53619
53622
53625
53628
53631
53634
53637
53640
53643
53646
53649
53652
53655
53658
53661
53664
53676
53679
53682
53694
53697
53700
54189
54192
54195
54198
54201
54204
54207
54210
54213
54216
54219
54222
54225
54228
54231
54243
54246
54249
54261
54264
54267
54270
54273
54276
54279
54282
54285
54288
54291
54294
54297
54300
54303
54306
54309
54312
54324
54327
54330
54342
54345
54348
54351
54354
54357
54360
54363
54366
54369
54372
54375
54378
54381
54384
54387
54390
54393
54405
54408
54411
54423
54426
54429
54918
54921
54924
54927
54930
54933
54945
54947
54948
54950
54951
54953
54954
54955
54956
54957
54958
54959
54960
54961
54962
54963
54964
54966
54967
54969
54970
54981
54984
54987
54990
54993
54996
54999
55002
55005
55008
55011
55014
55026
55028
55029
55031
55032
55034
55035
55036
55037
55038
55039
55040
55041
55042
55043
55044
55045
55047
55048
55050
55051
55062
55065
55068
55071
55074
55077
55080
55083
55086
55089
55092
55095
55107
55109
55110
55112
55113
55115
55116
55117
55118
55119
55120
55121
55122
55123
55124
55125
55126
55128
55129
55131
55132
55143
55146
55149
55152
55155
55158
55647
55650
55653
55656
55659
55662
55674
55677
55680
55683
55686
55689
55692
55695
55698
55710
55713
55716
55719
55722
55725
55728
55731
55734
55737
55740
55743
55755
55758
55761
55764
55767
55770
55773
55776
55779
55791
55794
55797
55800
55803
55806
55809
55812
55815
55818
55821
55824
55836
55839
55842
55845
55848
55851
55854
55857
55860
55872
55875
55878
55881
55884
55887
56376
56379
56382
56385
56388
56391
56403
56406
56409
56412
56415
56418
56421
56424
56427
56439
56442
56445
56448
56451
56454
56457
56460
56463
56466
56469
56472
56484
56487
56490
56493
56496
56499
56502
56505
56508
56520
56523
56526
56529
56532
56535
56538
56541
56544
56547
56550
56553
56565
56568
56571
56574
56577
56580
56583
56586
56589
56601
56604
56607
56610
56613
56616
57105
57108
57111
57123
57126
57129
57141
57144
57147
57150
57153
57156
57159
57160
57162
57163
57165
57166
57168
57170
57171
57173
57174
57176
57177
57178
57179
57180
57181
57182
57183
57184
57185
57186
57189
57192
57204
57207
57210
57222
57225
57228
57231
57234
57237
57240
57241
57243
57244
57246
57247
57249
57251
57252
57254
57255
57257
57258
57259
57260
57261
57262
57263
57264
57265
57266
57267
57270
57273
57285
57288
57291
57303
57306
57309
57312
57315
57318
57321
57322
57324
57325
57327
57328
57330
57332
57333
57335
57336
57338
57339
57340
57341
57342
57343
57344
57345
57346
57347
57834
57837
57840
57852
57855
57858
57870
57873
57876
57879
57882
57885
57888
57891
57894
57897
57900
57903
57906
57909
57912
57915
57918
57921
57933
57936
57939
57951
57954
57957
57960
57963
57966
57969
57972
57975
57978
57981
57984
57987
57990
57993
57996
57999
58002
58014
58017
58020
58032
58035
58038
58041
58044
58047
58050
58053
58056
58059
58062
58065
58068
58071
58074
58563
58566
58569
58581
58584
58587
58599
58602
58605
58608
58611
58614
58617
58620
58623
58626
58629
58632
58635
58638
58641
58644
58647
58650
58662
58665
58668
58680
58683
58686
58689
58692
58695
58698
58701
58704
58707
58710
58713
58716
58719
58722
58725
58728
58731
58743
58746
58749
58761
58764
58767
58770
58773
58776
58779
58782
58785
58788
58791
58794
58797
58800
58803
59049
59050
59051
59052
59053
59054
59055
59056
59057
59058
59059
59061
59062
59064
59065
59067
59069
59070
59072
59073
59075
59076
59079
59082
59085
59088
59091
59103
59106
59109
59121
59124
59127
59130
59131
59132
59133
59134
59135
59136
59137
59138
59139
59140
59142
59143
59145
59146
59148
59150
59151
59153
59154
59156
59157
59160
59163
59166
59169
59172
59184
59187
59190
59202
59205
59208
59211
59212
59213
59214
59215
59216
59217
59218
59219
59220
59221
59223
59224
59226
59227
59229
59231
59232
59234
59235
59237
59238
59241
59244
59247
59250
59253
59265
59268
59271
59283
59286
59289
59292
59293
59294
59295
59296
59297
59298
59299
59300
59301
59302
59304
59305
59307
59308
59310
59312
59313
59315
59316
59318
59319
59322
59325
59328
59331
59334
59346
59349
59352
59364
59367
59370
59373
59374
59375
59376
59377
59378
59379
59380
59381
59382
59383
59385
59386
59388
59389
59391
59393
59394
59396
59397
59399
59400
59403
59406
59409
59412
59415
59427
59430
59433
59445
59448
59451
59454
59455
59456
59457
59458
59459
59460
59461
59462
59463
59464
59466
59467
59469
59470
59472
59474
59475
59477
59478
59480
59481
59484
59487
59490
59493
59496
59508
59511
59514
59526
59529
59532
59535
59536
59537
59538
59539
59540
59541
59542
59543
59544
59545
59547
59548
59550
59551
59553
59555
59556
59558
59559
59561
59562
59565
59568
59571
59574
59577
59589
59592
59595
59607
59610
59613
59616
59617
59618
59619
59620
59621
59622
59623
59624
59625
59626
59628
59629
59631
59632
59634
59636
59637
59639
59640
59642
59643
59646
59649
59652
59655
59658
59670
59673
59676
59688
59691
59694
59697
59698
59699
59700
59701
59702
59703
59704
59705
59706
59707
59709
59710
59712
59713
59715
59717
59718
59720
59721
59723
59724
59727
59730
59733
59736
59739
59751
59754
59757
59769
59772
59775
61236
61239
61242
61245
61248
61251
61263
61265
61266
61268
61269
61271
61272
61273
61274
61275
61276
61277
61278
61279
61280
61281
61282
61284
61285
61287
61288
61299
61302
61305
61308
61311
61314
61317
61320
61323
61326
61329
61332
61344
61346
61347
61349
61350
61352
61353
61354
61355
61356
61357
61358
61359
61360
61361
61362
61363
61365
61366
61368
61369
61380
61383
61386
61389
61392
61395
61398
61401
61404
61407
61410
61413
61425
61427
61428
61430
61431
61433
61434
61435
61436
61437
61438
61439
61440
61441
61442
61443
61444
61446
61447
61449
61450
61461
61464
61467
61470
61473
61476
61479
61482
61485
61488
61491
61494
61506
61508
61509
61511
61512
61514
61515
61516
61517
61518
61519
61520
61521
61522
61523
61524
61525
61527
61528
61530
61531
61542
61545
61548
61551
61554
61557
61560
61563
61566
61569
61572
61575
61587
61589
61590
61592
61593
61595
61596
61597
61598
61599
61600
61601
61602
61603
61604
61605
61606
61608
61609
61611
61612
61623
61626
61629
61632
61635
61638
61641
61644
61647
61650
61653
61656
61668
61670
61671
61673
61674
61676
61677
61678
61679
61680
61681
61682
61683
61684
61685
61686
61687
61689
61690
61692
61693
61704
61707
61710
61713
61716
61719
61722
61725
61728
61731
61734
61737
61749
61751
61752
61754
61755
61757
61758
61759
61760
61761
61762
61763
61764
61765
61766
61767
61768
61770
61771
61773
61774
61785
61788
61791
61794
61797
61800
61803
61806
61809
61812
61815
61818
61830
61832
61833
61835
61836
61838
61839
61840
61841
61842
61843
61844
61845
61846
61847
61848
61849
61851
61852
61854
61855
61866
61869
61872
61875
61878
61881
61884
61887
61890
61893
61896
61899
61911
61913
61914
61916
61917
61919
61920
61921
61922
61923
61924
61925
61926
61927
61928
61929
61930
61932
61933
61935
61936
61947
61950
61953
61956
61959
61962
63423
63426
63429
63441
63444
63447
63459
63462
63465
63468
63471
63474
63477
63478
63480
63481
63483
63484
63486
63488
63489
63491
63492
63494
63495
63496
63497
63498
63499
63500
63501
63502
63503
63504
63507
63510
63522
63525
63528
63540
63543
63546
63549
63552
63555
63558
63559
63561
63562
63564
63565
63567
63569
63570
63572
63573
63575
63576
63577
63578
63579
63580
63581
63582
63583
63584
63585
63588
63591
63603
63606
63609
63621
63624
63627
63630
63633
63636
63639
63640
63642
63643
63645
63646
63648
63650
63651
63653
63654
63656
63657
63658
63659
63660
63661
63662
63663
63664
63665
63666
63669
63672
63684
63687
63690
63702
63705
63708
63711
63714
63717
63720
63721
63723
63724
63726
63727
63729
63731
63732
63734
63735
63737
63738
63739
63740
63741
63742
63743
63744
63745
63746
63747
63750
63753
63765
63768
63771
63783
63786
63789
63792
63795
63798
63801
63802
63804
63805
63807
63808
63810
63812
63813
63815
63816
63818
63819
63820
63821
63822
63823
63824
63825
63826
63827
63828
63831
63834
63846
63849
63852
63864
63867
63870
63873
63876
63879
63882
63883
63885
63886
63888
63889
63891
63893
63894
63896
63897
63899
63900
63901
63902
63903
63904
63905
63906
63907
63908
63909
63912
63915
63927
63930
63933
63945
63948
63951
63954
63957
63960
63963
63964
63966
63967
63969
63970
63972
63974
63975
63977
63978
63980
63981
63982
63983
63984
63985
63986
63987
63988
63989
63990
63993
63996
64008
64011
64014
64026
64029
64032
64035
64038
64041
64044
64045
64047
64048
64050
64051
64053
64055
64056
64058
64059
64061
64062
64063
64064
64065
64066
64067
64068
64069
64070
64071
64074
64077
64089
64092
64095
64107
64110
64113
64116
64119
64122
64125
64126
64128
64129
64131
64132
64134
64136
64137
64139
64140
64142
64143
64144
64145
64146
64147
64148
64149
64150
64151
65610
65611
65612
65613
65614
65615
65616
65617
65618
65619
65620
65622
65623
65625
65626
65628
65630
65631
65633
65634
65636
65637
65640
65643
65646
65649
65652
65664
65667
65670
65682
65685
65688
65691
65692
65693
65694
65695
65696
65697
65698
65699
65700
65701
65703
65704
65706
65707
65709
65711
65712
65714
65715
65717
65718
65721
65724
65727
65730
65733
65745
65748
65751
65763
65766
65769
65772
65773
65774
65775
65776
65777
65778
65779
65780
65781
65782
65784
65785
65787
65788
65790
65792
65793
65795
65796
65798
65799
65802
65805
65808
65811
65814
65826
65829
65832
65844
65847
65850
66096
66097
66098
66099
66100
66101
66102
66103
66104
66105
66106
66108
66109
66111
66112
66114
66116
66117
66119
66120
66122
66123
66126
66129
66132
66135
66138
66150
66153
66156
66168
66171
66174
66177
66178
66179
66180
66181
66182
66183
66184
66185
66186
66187
66189
66190
66192
66193
66195
66197
66198
66200
66201
66203
66204
66207
66210
66213
66216
66219
66231
66234
66237
66249
66252
66255
66258
66259
66260
66261
66262
66263
66264
66265
66266
66267
66268
66270
66271
66273
66274
66276
66278
66279
66281
66282
66284
66285
66288
66291
66294
66297
66300
66312
66315
66318
66330
66333
66336
67797
67800
67803
67806
67809
67812
67824
67826
67827
67829
67830
67832
67833
67834
67835
67836
67837
67838
67839
67840
67841
67842
67843
67845
67846
67848
67849
67860
67863
67866
67869
67872
67875
67878
67881
67884
67887
67890
67893
67905
67907
67908
67910
67911
67913
67914
67915
67916
67917
67918
67919
67920
67921
67922
67923
67924
67926
67927
67929
67930
67941
67944
67947
67950
67953
67956
67959
67962
67965
67968
67971
67974
67986
67988
67989
67991
67992
67994
67995
67996
67997
67998
67999
68000
68001
68002
68003
68004
68005
68007
68008
68010
68011
68022
68025
68028
68031
68034
68037
68283
68286
68289
68292
68295
68298
68310
68312
68313
68315
68316
68318
68319
68320
68321
68322
68323
68324
68325
68326
68327
68328
68329
68331
68332
68334
68335
68346
68349
68352
68355
68358
68361
68364
68367
68370
68373
68376
68379
68391
68393
68394
68396
68397
68399
68400
68401
68402
68403
68404
68405
68406
68407
68408
68409
68410
68412
68413
68415
68416
68427
68430
68433
68436
68439
68442
68445
68448
68451
68454
68457
68460
68472
68474
68475
68477
68478
68480
68481
68482
68483
68484
68485
68486
68487
68488
68489
68490
68491
68493
68494
68496
68497
68508
68511
68514
68517
68520
68523
69984
69987
69990
70002
70005
70008
70020
70023
70026
70029
70032
70035
70038
70039
70041
70042
70044
70045
70047
70049
70050
70052
70053
70055
70056
70057
70058
70059
70060
70061
70062
70063
70064
70065
70068
70071
70083
70086
70089
70101
70104
70107
70110
70113
70116
70119
70120
70122
70123
70125
70126
70128
70130
70131
70133
70134
70136
70137
70138
70139
70140
70141
70142
70143
70144
70145
70146
70149
70152
70164
70167
70170
70182
70185
70188
70191
70194
70197
70200
70201
70203
70204
70206
70207
70209
70211
70212
70214
70215
70217
70218
70219
70220
70221
70222
70223
70224
70225
70226
70470
70473
70476
70488
70491
70494
70506
70509
70512
70515
70518
70521
70524
70525
70527
70528
70530
70531
70533
70535
70536
70538
70539
70541
70542
70543
70544
70545
70546
70547
70548
70549
70550
70551
70554
70557
70569
70572
70575
70587
70590
70593
70596
70599
70602
70605
70606
70608
70609
70611
70612
70614
70616
70617
70619
70620
70622
70623
70624
70625
70626
70627
70628
70629
70630
70631
70632
70635
70638
70650
70653
70656
70668
70671
70674
70677
70680
70683
70686
70687
70689
70690
70692
70693
70695
70697
70698
70700
70701
70703
70704
70705
70706
70707
70708
70709
70710
70711
70712
72171
72172
72173
72174
72175
72176
72177
72178
72179
72180
72181
72183
72184
72186
72187
72189
72191
72192
72194
72195
72197
72198
72201
72204
72207
72210
72213
72225
72228
72231
72243
72246
72249
72252
72253
72254
72255
72256
72257
72258
72259
72260
72261
72262
72264
72265
72267
72268
72270
72272
72273
72275
72276
72278
72279
72282
72285
72288
72291
72294
72306
72309
72312
72324
72327
72330
72333
72334
72335
72336
72337
72338
72339
72340
72341
72342
72343
72345
72346
72348
72349
72351
72353
72354
72356
72357
72359
72360
72363
72366
72369
72372
72375
72387
72390
72393
72405
72408
72411
72414
72415
72416
72417
72418
72419
72420
72421
72422
72423
72424
72426
72427
72429
72430
72432
72434
72435
72437
72438
72440
72441
72444
72447
72450
72453
72456
72468
72471
72474
72486
72489
72492
72495
72496
72497
72498
72499
72500
72501
72502
72503
72504
72505
72507
72508
72510
72511
72513
72515
72516
72518
72519
72521
72522
72525
72528
72531
72534
72537
72549
72552
72555
72567
72570
72573
72576
72577
72578
72579
72580
72581
72582
72583
72584
72585
72586
72588
72589
72591
72592
72594
72596
72597
72599
72600
72602
72603
72606
72609
72612
72615
72618
72630
72633
72636
72648
72651
72654
74358
74361
74364
74367
74370
74373
74385
74387
74388
74390
74391
74393
74394
74395
74396
74397
74398
74399
74400
74401
74402
74403
74404
74406
74407
74409
74410
74421
74424
74427
74430
74433
74436
74439
74442
74445
74448
74451
74454
74466
74468
74469
74471
74472
74474
74475
74476
74477
74478
74479
74480
74481
74482
74483
74484
74485
74487
74488
74490
74491
74502
74505
74508
74511
74514
74517
74520
74523
74526
74529
74532
74535
74547
74549
74550
74552
74553
74555
74556
74557
74558
74559
74560
74561
74562
74563
74564
74565
74566
74568
74569
74571
74572
74583
74586
74589
74592
74595
74598
74601
74604
74607
74610
74613
74616
74628
74630
74631
74633
74634
74636
74637
74638
74639
74640
74641
74642
74643
74644
74645
74646
74647
74649
74650
74652
74653
74664
74667
74670
74673
74676
74679
74682
74685
74688
74691
74694
74697
74709
74711
74712
74714
74715
74717
74718
74719
74720
74721
74722
74723
74724
74725
74726
74727
74728
74730
74731
74733
74734
74745
74748
74751
74754
74757
74760
74763
74766
74769
74772
74775
74778
74790
74792
74793
74795
74796
74798
74799
74800
74801
74802
74803
74804
74805
74806
74807
74808
74809
74811
74812
74814
74815
74826
74829
74832
74835
74838
74841
76545
76548
76551
76563
76566
76569
76581
76584
76587
76590
76593
76596
76599
76600
76602
76603
76605
76606
76608
76610
76611
76613
76614
76616
76617
76618
76619
76620
76621
76622
76623
76624
76625
76626
76629
76632
76644
76647
76650
76662
76665
76668
76671
76674
76677
76680
76681
76683
76684
76686
76687
76689
76691
76692
76694
76695
76697
76698
76699
76700
76701
76702
76703
76704
76705
76706
76707
76710
76713
76725
76728
76731
76743
76746
76749
76752
76755
76758
76761
76762
76764
76765
76767
76768
76770
76772
76773
76775
76776
76778
76779
76780
76781
76782
76783
76784
76785
76786
76787
76788
76791
76794
76806
76809
76812
76824
76827
76830
76833
76836
76839
76842
76843
76845
76846
76848
76849
76851
76853
76854
76856
76857
76859
76860
76861
76862
76863
76864
76865
76866
76867
76868
76869
76872
76875
76887
76890
76893
76905
76908
76911
76914
76917
76920
76923
76924
76926
76927
76929
76930
76932
76934
76935
76937
76938
76940
76941
76942
76943
76944
76945
76946
76947
76948
76949
76950
76953
76956
76968
76971
76974
76986
76989
76992
76995
76998
77001
77004
77005
77007
77008
77010
77011
77013
77015
77016
77018
77019
77021
77022
77023
77024
77025
77026
77027
77028
77029
77030
78732
78733
78734
78735
78736
78737
78738
78739
78740
78741
78742
78744
78745
78747
78748
78750
78752
78753
78755
78756
78758
78759
78762
78765
78768
78771
78774
78786
78789
78792
78804
78807
78810
78813
78814
78815
78816
78817
78818
78819
78820
78821
78822
78823
78825
78826
78828
78829
78831
78833
78834
78836
78837
78839
78840
78843
78846
78849
78852
78855
78867
78870
78873
78885
78888
78891
78894
78895
78896
78897
78898
78899
78900
78901
78902
78903
78904
78906
78907
78909
78910
78912
78914
78915
78917
78918
78920
78921
78924
78927
78930
78933
78936
78948
78951
78954
78966
78969
78972
80919
80922
80925
80928
80931
80934
80946
80948
80949
80951
80952
80954
80955
80956
80957
80958
80959
80960
80961
80962
80963
80964
80965
80967
80968
80970
80971
80982
80985
80988
80991
80994
80997
81000
81003
81006
81009
81012
81015
81027
81029
81030
81032
81033
81035
81036
81037
81038
81039
81040
81041
81042
81043
81044
81045
81046
81048
81049
81051
81052
81063
81066
81069
81072
81075
81078
81081
81084
81087
81090
81093
81096
81108
81110
81111
81113
81114
81116
81117
81118
81119
81120
81121
81122
81123
81124
81125
81126
81127
81129
81130
81132
81133
81144
81147
81150
81153
81156
81159
83106
83109
83112
83124
83127
83130
83142
83145
83148
83151
83154
83157
83160
83161
83163
83164
83166
83167
83169
83171
83172
83174
83175
83177
83178
83179
83180
83181
83182
83183
83184
83185
83186
83187
83190
83193
83205
83208
83211
83223
83226
83229
83232
83235
83238
83241
83242
83244
83245
83247
83248
83250
83252
83253
83255
83256
83258
83259
83260
83261
83262
83263
83264
83265
83266
83267
83268
83271
83274
83286
83289
83292
83304
83307
83310
83313
83316
83319
83322
83323
83325
83326
83328
83329
83331
83333
83334
83336
83337
83339
83340
83341
83342
83343
83344
83345
83346
83347
83348
85779
85780
85781
85782
85783
85784
85785
85786
85787
85788
85789
85791
85792
85794
85795
85797
85799
85800
85802
85803
85805
85806
85809
85812
85815
85818
85821
85833
85836
85839
85851
85854
85857
85860
85861
85862
85863
85864
85865
85866
85867
85868
85869
85870
85872
85873
85875
85876
85878
85880
85881
85883
85884
85886
85887
85890
85893
85896
85899
85902
85914
85917
85920
85932
85935
85938
85941
85942
85943
85944
85945
85946
85947
85948
85949
85950
85951
85953
85954
85956
85957
85959
85961
85962
85964
85965
85967
85968
85971
85974
85977
85980
85983
85995
85998
86001
86013
86016
86019
87966
87969
87972
87975
87978
87981
87993
87995
87996
87998
87999
88001
88002
88003
88004
88005
88006
88007
88008
88009
88010
88011
88012
88014
88015
88017
88018
88029
88032
88035
88038
88041
88044
88047
88050
88053
88056
88059
88062
88074
88076
88077
88079
88080
88082
88083
88084
88085
88086
88087
88088
88089
88090
88091
88092
88093
88095
88096
88098
88099
88110
88113
88116
88119
88122
88125
88128
88131
88134
88137
88140
88143
88155
88157
88158
88160
88161
88163
88164
88165
88166
88167
88168
88169
88170
88171
88172
88173
88174
88176
88177
88179
88180
88191
88194
88197
88200
88203
88206
90153
90156
90159
90171
90174
90177
90189
90192
90195
90198
90201
90204
90207
90208
90210
90211
90213
90214
90216
90218
90219
90221
90222
90224
90225
90226
90227
90228
90229
90230
90231
90232
90233
90234
90237
90240
90252
90255
90258
90270
90273
90276
90279
90282
90285
90288
90289
90291
90292
90294
90295
90297
90299
90300
90302
90303
90305
90306
90307
90308
90309
90310
90311
90312
90313
90314
90315
90318
90321
90333
90336
90339
90351
90354
90357
90360
90363
90366
90369
90370
90372
90373
90375
90376
90378
90380
90381
90383
90384
90386
90387
90388
90389
90390
90391
90392
90393
90394
90395
98415
98416
98417
98418
98419
98420
98421
98422
98423
98424
98425
98427
98428
98430
98431
98433
98435
98436
98438
98439
98441
98442
98445
98448
98451
98454
98457
98469
98472
98475
98487
98490
98493
98496
98497
98498
98499
98500
98501
98502
98503
98504
98505
98506
98508
98509
98511
98512
98514
98516
98517
98519
98520
98522
98523
98526
98529
98532
98535
98538
98550
98553
98556
98568
98571
98574
98577
98578
98579
98580
98581
98582
98583
98584
98585
98586
98587
98589
98590
98592
98593
98595
98597
98598
98600
98601
98603
98604
98607
98610
98613
98616
98619
98631
98634
98637
98649
98652
98655
100602
100605
100608
100611
100614
100617
100629
100631
100632
100634
100635
100637
100638
100639
100640
100641
100642
100643
100644
100645
100646
100647
100648
100650
100651
100653
100654
100665
100668
100671
100674
100677
100680
100683
100686
100689
100692
100695
100698
100710
100712
100713
100715
100716
100718
100719
100720
100721
100722
100723
100724
100725
100726
100727
100728
100729
100731
100732
100734
100735
100746
100749
100752
100755
100758
100761
100764
100767
100770
100773
100776
100779
100791
100793
100794
100796
100797
100799
100800
100801
100802
100803
100804
100805
100806
100807
100808
100809
100810
100812
100813
100815
100816
100827
100830
100833
100836
100839
100842
102789
102792
102795
102807
102810
102813
102825
102828
102831
102834
102837
102840
102843
102844
102846
102847
102849
102850
102852
102854
102855
102857
102858
102860
102861
102862
102863
102864
102865
102866
102867
102868
102869
102870
102873
102876
102888
102891
102894
102906
102909
102912
102915
102918
102921
102924
102925
102927
102928
102930
102931
102933
102935
102936
102938
102939
102941
102942
102943
102944
102945
102946
102947
102948
102949
102950
102951
102954
102957
102969
102972
102975
102987
102990
102993
102996
102999
103002
103005
103006
103008
103009
103011
103012
103014
103016
103017
103019
103020
103022
103023
103024
103025
103026
103027
103028
103029
103030
103031
111780
111781
111782
111783
111784
111785
111786
111787
111788
111789
111790
111792
111793
111795
111796
111798
111800
111801
111803
111804
111806
111807
111810
111813
111816
111819
111822
111834
111837
111840
111852
111855
111858
111861
111862
111863
111864
111865
111866
111867
111868
111869
111870
111871
111873
111874
111876
111877
111879
111881
111882
111884
111885
111887
111888
111891
111894
111897
111900
111903
111915
111918
111921
111933
111936
111939
111942
111943
111944
111945
111946
111947
111948
111949
111950
111951
111952
111954
111955
111957
111958
111960
111962
111963
111965
111966
111968
111969
111972
111975
111978
111981
111984
111996
111999
112002
112014
112017
112020
113967
113970
113973
113976
113979
113982
113994
113996
113997
113999
114000
114002
114003
114004
114005
114006
114007
114008
114009
114010
114011
114012
114013
114015
114016
114018
114019
114030
114033
114036
114039
114042
114045
114048
114051
114054
114057
114060
114063
114075
114077
114078
114080
114081
114083
114084
114085
114086
114087
114088
114089
114090
114091
114092
114093
114094
114096
114097
114099
114100
114111
114114
114117
114120
114123
114126
114129
114132
114135
114138
114141
114144
114156
114158
114159
114161
114162
114164
114165
114166
114167
114168
114169
114170
114171
114172
114173
114174
114175
114177
114178
114180
114181
114192
114195
114198
114201
114204
114207
116154
116157
116160
116172
116175
116178
116190
116193
116196
116199
116202
116205
116208
116209
116211
116212
116214
116215
116217
116219
116220
116222
116223
116225
116226
116227
116228
116229
116230
116231
116232
116233
116234
116235
116238
116241
116253
116256
116259
116271
116274
116277
116280
116283
116286
116289
116290
116292
116293
116295
116296
116298
116300
116301
116303
116304
116306
116307
116308
116309
116310
116311
116312
116313
116314
116315
116316
116319
116322
116334
116337
116340
116352
116355
116358
116361
116364
116367
116370
116371
116373
116374
116376
116377
116379
116381
116382
116384
116385
116387
116388
116389
116390
116391
116392
116393
116394
116395
116396
118098
118099
118100
118101
118102
118103
118104
118105
118106
118107
118108
118110
118111
118113
118114
118116
118118
118119
118121
118122
118124
118125
118128
118131
118134
118137
118140
118152
118155
118158
118170
118173
118176
118179
118180
118181
118182
118183
118184
118185
118186
118187
118188
118189
118191
118192
118194
118195
118197
118199
118200
118202
118203
118205
118206
118209
118212
118215
118218
118221
118233
118236
118239
118251
118254
118257
118260
118261
118262
118263
118264
118265
118266
118267
118268
118269
118270
118272
118273
118275
118276
118278
118280
118281
118283
118284
118286
118287
118290
118293
118296
118299
118302
118314
118317
118320
118332
118335
118338
118341
118342
118343
118344
118345
118346
118347
118348
118349
118350
118351
118353
118354
118356
118357
118359
118361
118362
118364
118365
118367
118368
118371
118374
118377
118380
118383
118395
118398
118401
118413
118416
118419
118422
118423
118424
118425
118426
118427
118428
118429
118430
118431
118432
118434
118435
118437
118438
118440
118442
118443
118445
118446
118448
118449
118452
118455
118458
118461
118464
118476
118479
118482
118494
118497
118500
118503
118504
118505
118506
118507
118508
118509
118510
118511
118512
118513
118515
118516
118518
118519
118521
118523
118524
118526
118527
118529
118530
118533
118536
118539
118542
118545
118557
118560
118563
118575
118578
118581
118584
118585
118586
118587
118588
118589
118590
118591
118592
118593
118594
118596
118597
118599
118600
118602
118604
118605
118607
118608
118610
118611
118614
118617
118620
118623
118626
118638
118641
118644
118656
118659
118662
118665
118666
118667
118668
118669
118670
118671
118672
118673
118674
118675
118677
118678
118680
118681
118683
118685
118686
118688
118689
118691
118692
118695
118698
118701
118704
118707
118719
118722
118725
118737
118740
118743
118746
118747
118748
118749
118750
118751
118752
118753
118754
118755
118756
118758
118759
118761
118762
118764
118766
118767
118769
118770
118772
118773
118776
118779
118782
118785
118788
118800
118803
118806
118818
118821
118824
120285
120288
120291
120294
120297
120300
120312
120314
120315
120317
120318
120320
120321
120322
120323
120324
120325
120326
120327
120328
120329
120330
120331
120333
120334
120336
120337
120348
120351
120354
120357
120360
120363
120366
120369
120372
120375
120378
120381
120393
120395
120396
120398
120399
120401
120402
120403
120404
120405
120406
120407
120408
120409
120410
120411
120412
120414
120415
120417
120418
120429
120432
120435
120438
120441
120444
120447
120450
120453
120456
120459
120462
120474
120476
120477
120479
120480
120482
120483
120484
120485
120486
120487
120488
120489
120490
120491
120492
120493
120495
120496
120498
120499
120510
120513
120516
120519
120522
120525
120528
120531
120534
120537
120540
120543
120555
120557
120558
120560
120561
120563
120564
120565
120566
120567
120568
120569
120570
120571
120572
120573
120574
120576
120577
120579
120580
120591
120594
120597
120600
120603
120606
120609
120612
120615
120618
120621
120624
120636
120638
120639
120641
120642
120644
120645
120646
120647
120648
120649
120650
120651
120652
120653
120654
120655
120657
120658
120660
120661
120672
120675
120678
120681
120684
120687
120690
120693
120696
120699
120702
120705
120717
120719
120720
120722
120723
120725
120726
120727
120728
120729
120730
120731
120732
120733
120734
120735
120736
120738
120739
120741
120742
120753
120756
120759
120762
120765
120768
120771
120774
120777
120780
120783
120786
120798
120800
120801
120803
120804
120806
120807
120808
120809
120810
120811
120812
120813
120814
120815
120816
120817
120819
120820
120822
120823
120834
120837
120840
120843
120846
120849
120852
120855
120858
120861
120864
120867
120879
120881
120882
120884
120885
120887
120888
120889
120890
120891
120892
120893
120894
120895
120896
120897
120898
120900
120901
120903
120904
120915
120918
120921
120924
120927
120930
120933
120936
120939
120942
120945
120948
120960
120962
120963
120965
120966
120968
120969
120970
120971
120972
120973
120974
120975
120976
120977
120978
120979
120981
120982
120984
120985
120996
120999
121002
121005
121008
121011
122472
122475
122478
122490
122493
122496
122508
122511
122514
122517
122520
122523
122526
122527
122529
122530
122532
122533
122535
122537
122538
122540
122541
122543
122544
122545
122546
122547
122548
122549
122550
122551
122552
122553
122556
122559
122571
122574
122577
122589
122592
122595
122598
122601
122604
122607
122608
122610
122611
122613
122614
122616
122618
122619
122621
122622
122624
122625
122626
122627
122628
122629
122630
122631
122632
122633
122634
122637
122640
122652
122655
122658
122670
122673
122676
122679
122682
122685
122688
122689
122691
122692
122694
122695
122697
122699
122700
122702
122703
122705
122706
122707
122708
122709
122710
122711
122712
122713
122714
122715
122718
122721
122733
122736
122739
122751
122754
122757
122760
122763
122766
122769
122770
122772
122773
122775
122776
122778
122780
122781
122783
122784
122786
122787
122788
122789
122790
122791
122792
122793
122794
122795
122796
122799
122802
122814
122817
122820
122832
122835
122838
122841
122844
122847
122850
122851
122853
122854
122856
122857
122859
122861
122862
122864
122865
122867
122868
122869
122870
122871
122872
122873
122874
122875
122876
122877
122880
122883
122895
122898
122901
122913
122916
122919
122922
122925
122928
122931
122932
122934
122935
122937
122938
122940
122942
122943
122945
122946
122948
122949
122950
122951
122952
122953
122954
122955
122956
122957
122958
122961
122964
122976
122979
122982
122994
122997
123000
123003
123006
123009
123012
123013
123015
123016
123018
123019
123021
123023
123024
123026
123027
123029
123030
123031
123032
123033
123034
123035
123036
123037
123038
123039
123042
123045
123057
123060
123063
123075
123078
123081
123084
123087
123090
123093
123094
123096
123097
123099
123100
123102
123104
123105
123107
123108
123110
123111
123112
123113
123114
123115
123116
123117
123118
123119
123120
123123
123126
123138
123141
123144
123156
123159
123162
123165
123168
123171
123174
123175
123177
123178
123180
123181
123183
123185
123186
123188
123189
123191
123192
123193
123194
123195
123196
123197
123198
123199
123200
124659
124660
124661
124662
124663
124664
124665
124666
124667
124668
124669
124671
124672
124674
124675
124677
124679
124680
124682
124683
124685
124686
124689
124692
124695
124698
124701
124713
124716
124719
124731
124734
124737
124740
124741
124742
124743
124744
124745
124746
124747
124748
124749
124750
124752
124753
124755
124756
124758
124760
124761
124763
124764
124766
124767
124770
124773
124776
124779
124782
124794
124797
124800
124812
124815
124818
124821
124822
124823
124824
124825
124826
124827
124828
124829
124830
124831
124833
124834
124836
124837
124839
124841
124842
124844
124845
124847
124848
124851
124854
124857
124860
124863
124875
124878
124881
124893
124896
124899
125145
125146
125147
125148
125149
125150
125151
125152
125153
125154
125155
125157
125158
125160
125161
125163
125165
125166
125168
125169
125171
125172
125175
125178
125181
125184
125187
125199
125202
125205
125217
125220
125223
125226
125227
125228
125229
125230
125231
125232
125233
125234
125235
125236
125238
125239
125241
125242
125244
125246
125247
125249
125250
125252
125253
125256
125259
125262
125265
125268
125280
125283
125286
125298
125301
125304
125307
125308
125309
125310
125311
125312
125313
125314
125315
125316
125317
125319
125320
125322
125323
125325
125327
125328
125330
125331
125333
125334
125337
125340
125343
125346
125349
125361
125364
125367
125379
125382
125385
126846
126849
126852
126855
126858
126861
126873
126875
126876
126878
126879
126881
126882
126883
126884
126885
126886
126887
126888
126889
126890
126891
126892
126894
126895
126897
126898
126909
126912
126915
126918
126921
126924
126927
126930
126933
126936
126939
126942
126954
126956
126957
126959
126960
126962
126963
126964
126965
126966
126967
126968
126969
126970
126971
126972
126973
126975
126976
126978
126979
126990
126993
126996
126999
127002
127005
127008
127011
127014
127017
127020
127023
127035
127037
127038
127040
127041
127043
127044
127045
127046
127047
127048
127049
127050
127051
127052
127053
127054
127056
127057
127059
127060
127071
127074
127077
127080
127083
127086
127332
127335
127338
127341
127344
127347
127359
127361
127362
127364
127365
127367
127368
127369
127370
127371
127372
127373
127374
127375
127376
127377
127378
127380
127381
127383
127384
127395
127398
127401
127404
127407
127410
127413
127416
127419
127422
127425
127428
127440
127442
127443
127445
127446
127448
127449
127450
127451
127452
127453
127454
127455
127456
127457
127458
127459
127461
127462
127464
127465
127476
127479
127482
127485
127488
127491
127494
127497
127500
127503
127506
127509
127521
127523
127524
127526
127527
127529
127530
127531
127532
127533
127534
127535
127536
127537
127538
127539
127540
127542
127543
127545
127546
127557
127560
127563
127566
127569
127572
129033
129036
129039
129051
129054
129057
129069
129072
129075
129078
129081
129084
129087
129088
129090
129091
129093
129094
129096
129098
129099
129101
129102
129104
129105
129106
129107
129108
129109
129110
129111
129112
129113
129114
129117
129120
129132
129135
129138
129150
129153
129156
129159
129162
129165
129168
129169
129171
129172
129174
129175
129177
129179
129180
129182
129183
129185
129186
129187
129188
129189
129190
129191
129192
129193
129194
129195
129198
129201
129213
129216
129219
129231
129234
129237
129240
129243
129246
129249
129250
129252
129253
129255
129256
129258
129260
129261
129263
129264
129266
129267
129268
129269
129270
129271
129272
129273
129274
129275
129519
129522
129525
129537
129540
129543
129555
129558
129561
129564
129567
129570
129573
129574
129576
129577
129579
129580
129582
129584
129585
129587
129588
129590
129591
129592
129593
129594
129595
129596
129597
129598
129599
129600
129603
129606
129618
129621
129624
129636
129639
129642
129645
129648
129651
129654
129655
129657
129658
129660
129661
129663
129665
129666
129668
129669
129671
129672
129673
129674
129675
129676
129677
129678
129679
129680
129681
129684
129687
129699
129702
129705
129717
129720
129723
129726
129729
129732
129735
129736
129738
129739
129741
129742
129744
129746
129747
129749
129750
129752
129753
129754
129755
129756
129757
129758
129759
129760
129761
131220
131221
131222
131223
131224
131225
131226
131227
131228
131229
131230
131232
131233
131235
131236
131238
131240
131241
131243
131244
131246
131247
131250
131253
131256
131259
131262
131274
131277
131280
131292
131295
131298
131301
131302
131303
131304
131305
131306
131307
131308
131309
131310
131311
131313
131314
131316
131317
131319
131321
131322
131324
131325
131327
131328
131331
131334
131337
131340
131343
131355
131358
131361
131373
131376
131379
131382
131383
131384
131385
131386
131387
131388
131389
131390
131391
131392
131394
131395
131397
131398
131400
131402
131403
131405
131406
131408
131409
131412
131415
131418
131421
131424
131436
131439
131442
131454
131457
131460
131463
131464
131465
131466
131467
131468
131469
131470
131471
131472
131473
131475
131476
131478
131479
131481
131483
131484
131486
131487
131489
131490
131493
131496
131499
131502
131505
131517
131520
131523
131535
131538
131541
131544
131545
131546
131547
131548
131549
131550
131551
131552
131553
131554
131556
131557
131559
131560
131562
131564
131565
131567
131568
131570
131571
131574
131577
131580
131583
131586
131598
131601
131604
131616
131619
131622
131625
131626
131627
131628
131629
131630
131631
131632
131633
131634
131635
131637
131638
131640
131641
131643
131645
131646
131648
131649
131651
131652
131655
131658
131661
131664
131667
131679
131682
131685
131697
131700
131703
133407
133410
133413
133416
133419
133422
133434
133436
133437
133439
133440
133442
133443
133444
133445
133446
133447
133448
133449
133450
133451
133452
133453
133455
133456
133458
133459
133470
133473
133476
133479
133482
133485
133488
133491
133494
133497
133500
133503
133515
133517
133518
133520
133521
133523
133524
133525
133526
133527
133528
133529
133530
133531
133532
133533
133534
133536
133537
133539
133540
133551
133554
133557
133560
133563
133566
133569
133572
133575
133578
133581
133584
133596
133598
133599
133601
133602
133604
133605
133606
133607
133608
133609
133610
133611
133612
133613
133614
133615
133617
133618
133620
133621
133632
133635
133638
133641
133644
133647
133650
133653
133656
133659
133662
133665
133677
133679
133680
133682
133683
133685
133686
133687
133688
133689
133690
133691
133692
133693
133694
133695
133696
133698
133699
133701
133702
133713
133716
133719
133722
133725
133728
133731
133734
133737
133740
133743
133746
133758
133760
133761
133763
133764
133766
133767
133768
133769
133770
133771
133772
133773
133774
133775
133776
133777
133779
133780
133782
133783
133794
133797
133800
133803
133806
133809
133812
133815
133818
133821
133824
133827
133839
133841
133842
133844
133845
133847
133848
133849
133850
133851
133852
133853
133854
133855
133856
133857
133858
133860
133861
133863
133864
133875
133878
133881
133884
133887
133890
135594
135597
135600
135612
135615
135618
135630
135633
135636
135639
135642
135645
135648
135649
135651
135652
135654
135655
135657
135659
135660
135662
135663
135665
135666
135667
135668
135669
135670
135671
135672
135673
135674
135675
135678
135681
135693
135696
135699
135711
135714
135717
135720
135723
135726
135729
135730
135732
135733
135735
135736
135738
135740
135741
135743
135744
135746
135747
135748
135749
135750
135751
135752
135753
135754
135755
135756
135759
135762
135774
135777
135780
135792
135795
135798
135801
135804
135807
135810
135811
135813
135814
135816
135817
135819
135821
135822
135824
135825
135827
135828
135829
135830
135831
135832
135833
135834
135835
135836
135837
135840
135843
135855
135858
135861
135873
135876
135879
135882
135885
135888
135891
135892
135894
135895
135897
135898
135900
135902
135903
135905
135906
135908
135909
135910
135911
135912
135913
135914
135915
135916
135917
135918
135921
135924
135936
135939
135942
135954
135957
135960
135963
135966
135969
135972
135973
135975
135976
135978
135979
135981
135983
135984
135986
135987
135989
135990
135991
135992
135993
135994
135995
135996
135997
135998
135999
136002
136005
136017
136020
136023
136035
136038
136041
136044
136047
136050
136053
136054
136056
136057
136059
136060
136062
136064
136065
136067
136068
136070
136071
136072
136073
136074
136075
136076
136077
136078
136079
137781
137782
137783
137784
137785
137786
137787
137788
137789
137790
137791
137793
137794
137796
137797
137799
137801
137802
137804
137805
137807
137808
137811
137814
137817
137820
137823
137835
137838
137841
137853
137856
137859
137862
137863
137864
137865
137866
137867
137868
137869
137870
137871
137872
137874
137875
137877
137878
137880
137882
137883
137885
137886
137888
137889
137892
137895
137898
137901
137904
137916
137919
137922
137934
137937
137940
137943
137944
137945
137946
137947
137948
137949
137950
137951
137952
137953
137955
137956
137958
137959
137961
137963
137964
137966
137967
137969
137970
137973
137976
137979
137982
137985
137997
138000
138003
138015
138018
138021
139968
139971
139974
139977
139980
139983
139995
139997
139998
140000
140001
140003
140004
140005
140006
140007
140008
140009
140010
140011
140012
140013
140014
140016
140017
140019
140020
140031
140034
140037
140040
140043
140046
140049
140052
140055
140058
140061
140064
140076
140078
140079
140081
140082
140084
140085
140086
140087
140088
140089
140090
140091
140092
140093
140094
140095
140097
140098
140100
140101
140112
140115
140118
140121
140124
140127
140130
140133
140136
140139
140142
140145
140157
140159
140160
140162
140163
140165
140166
140167
140168
140169
140170
140171
140172
140173
140174
140175
140176
140178
140179
140181
140182
140193
140196
140199
140202
140205
140208
142155
142158
142161
142173
142176
142179
142191
142194
142197
142200
142203
142206
142209
142210
142212
142213
142215
142216
142218
142220
142221
142223
142224
142226
142227
142228
142229
142230
142231
142232
142233
142234
142235
142236
142239
142242
142254
142257
142260
142272
142275
142278
142281
142284
142287
142290
142291
142293
142294
142296
142297
142299
142301
142302
142304
142305
142307
142308
142309
142310
142311
142312
142313
142314
142315
142316
142317
142320
142323
142335
142338
142341
142353
142356
142359
142362
142365
142368
142371
142372
142374
142375
142377
142378
142380
142382
142383
142385
142386
142388
142389
142390
142391
142392
142393
142394
142395
142396
142397
144828
144829
144830
144831
144832
144833
144834
144835
144836
144837
144838
144840
144841
144843
144844
144846
144848
144849
144851
144852
144854
144855
144858
144861
144864
144867
144870
144882
144885
144888
144900
144903
144906
144909
144910
144911
144912
144913
144914
144915
144916
144917
144918
144919
144921
144922
144924
144925
144927
144929
144930
144932
144933
144935
144936
144939
144942
144945
144948
144951
144963
144966
144969
144981
144984
144987
144990
144991
144992
144993
144994
144995
144996
144997
144998
144999
145000
145002
145003
145005
145006
145008
145010
145011
145013
145014
145016
145017
145020
145023
145026
145029
145032
145044
145047
145050
145062
145065
145068
147015
147018
147021
147024
147027
147030
147042
147044
147045
147047
147048
147050
147051
147052
147053
147054
147055
147056
147057
147058
147059
147060
147061
147063
147064
147066
147067
147078
147081
147084
147087
147090
147093
147096
147099
147102
147105
147108
147111
147123
147125
147126
147128
147129
147131
147132
147133
147134
147135
147136
147137
147138
147139
147140
147141
147142
147144
147145
147147
147148
147159
147162
147165
147168
147171
147174
147177
147180
147183
147186
147189
147192
147204
147206
147207
147209
147210
147212
147213
147214
147215
147216
147217
147218
147219
147220
147221
147222
147223
147225
147226
147228
147229
147240
147243
147246
147249
147252
147255
149202
149205
149208
149220
149223
149226
149238
149241
149244
149247
149250
149253
149256
149257
149259
149260
149262
149263
149265
149267
149268
149270
149271
149273
149274
149275
149276
149277
149278
149279
149280
149281
149282
149283
149286
149289
149301
149304
149307
149319
149322
149325
149328
149331
149334
149337
149338
149340
149341
149343
149344
149346
149348
149349
149351
149352
149354
149355
149356
149357
149358
149359
149360
149361
149362
149363
149364
149367
149370
149382
149385
149388
149400
149403
149406
149409
149412
149415
149418
149419
149421
149422
149424
149425
149427
149429
149430
149432
149433
149435
149436
149437
149438
149439
149440
149441
149442
149443
149444
157464
157465
157466
157467
157468
157469
157470
157471
157472
157473
157474
157476
157477
157479
157480
157482
157484
157485
157487
157488
157490
157491
157494
157497
157500
157503
157506
157518
157521
157524
157536
157539
157542
157545
157546
157547
157548
157549
157550
157551
157552
157553
157554
157555
157557
157558
157560
157561
157563
157565
157566
157568
157569
157571
157572
157575
157578
157581
157584
157587
157599
157602
157605
157617
157620
157623
157626
157627
157628
157629
157630
157631
157632
157633
157634
157635
157636
157638
157639
157641
157642
157644
157646
157647
157649
157650
157652
157653
157656
157659
157662
157665
157668
157680
157683
157686
157698
157701
157704
159651
159654
159657
159660
159663
159666
159678
159680
159681
159683
159684
159686
159687
159688
159689
159690
159691
159692
159693
159694
159695
159696
159697
159699
159700
159702
159703
159714
159717
159720
159723
159726
159729
159732
159735
159738
159741
159744
159747
159759
159761
159762
159764
159765
159767
159768
159769
159770
159771
159772
159773
159774
159775
159776
159777
159778
159780
159781
159783
159784
159795
159798
159801
159804
159807
159810
159813
159816
159819
159822
159825
159828
159840
159842
159843
159845
159846
159848
159849
159850
159851
159852
159853
159854
159855
159856
159857
159858
159859
159861
159862
159864
159865
159876
159879
159882
159885
159888
159891
161838
161841
161844
161856
161859
161862
161874
161877
161880
161883
161886
161889
161892
161893
161895
161896
161898
161899
161901
161903
161904
161906
161907
161909
161910
161911
161912
161913
161914
161915
161916
161917
161918
161919
161922
161925
161937
161940
161943
161955
161958
161961
161964
161967
161970
161973
161974
161976
161977
161979
161980
161982
161984
161985
161987
161988
161990
161991
161992
161993
161994
161995
161996
161997
161998
161999
162000
162003
162006
162018
162021
162024
162036
162039
162042
162045
162048
162051
162054
162055
162057
162058
162060
162061
162063
162065
162066
162068
162069
162071
162072
162073
162074
162075
162076
162077
162078
162079
162080
170829
170830
170831
170832
170833
170834
170835
170836
170837
170838
170839
170841
170842
170844
170845
170847
170849
170850
170852
170853
170855
170856
170859
170862
170865
170868
170871
170883
170886
170889
170901
170904
170907
170910
170911
170912
170913
170914
170915
170916
170917
170918
170919
170920
170922
170923
170925
170926
170928
170930
170931
170933
170934
170936
170937
170940
170943
170946
170949
170952
170964
170967
170970
170982
170985
170988
170991
170992
170993
170994
170995
170996
170997
170998
170999
171000
171001
171003
171004
171006
171007
171009
171011
171012
171014
171015
171017
171018
171021
171024
171027
171030
171033
171045
171048
171051
171063
171066
171069
173016
173019
173022
173025
173028
173031
173043
173045
173046
173048
173049
173051
173052
173053
173054
173055
173056
173057
173058
173059
173060
173061
173062
173064
173065
173067
173068
173079
173082
173085
173088
173091
173094
173097
173100
173103
173106
173109
173112
173124
173126
173127
173129
173130
173132
173133
173134
173135
173136
173137
173138
173139
173140
173141
173142
173143
173145
173146
173148
173149
173160
173163
173166
173169
173172
173175
173178
173181
173184
173187
173190
173193
173205
173207
173208
173210
173211
173213
173214
173215
173216
173217
173218
173219
173220
173221
173222
173223
173224
173226
173227
173229
173230
173241
173244
173247
173250
173253
173256
175203
175206
175209
175221
175224
175227
175239
175242
175245
175248
175251
175254
175257
175258
175260
175261
175263
175264
175266
175268
175269
175271
175272
175274
175275
175276
175277
175278
175279
175280
175281
175282
175283
175284
175287
175290
175302
175305
175308
175320
175323
175326
175329
175332
175335
175338
175339
175341
175342
175344
175345
175347
175349
175350
175352
175353
175355
175356
175357
175358
175359
175360
175361
175362
175363
175364
175365
175368
175371
175383
175386
175389
175401
175404
175407
175410
175413
175416
175419
175420
175422
175423
175425
175426
175428
175430
175431
175433
175434
175436
175437
175438
175439
175440
175441
175442
175443
175444
175445
177147
177148
177149
177150
177151
177152
177153
177154
177155
177156
177157
177159
177160
177162
177163
177165
177167
177168
177170
177171
177173
177174
177177
177180
177183
177186
177189
177201
177204
177207
177219
177222
177225
177228
177229
177230
177231
177232
177233
177234
177235
177236
177237
177238
177240
177241
177243
177244
177246
177248
177249
177251
177252
177254
177255
177258
177261
177264
177267
177270
177282
177285
177288
177300
177303
177306
177309
177310
177311
177312
177313
177314
177315
177316
177317
177318
177319
177321
177322
177324
177325
177327
177329
177330
177332
177333
177335
177336
177339
177342
177345
177348
177351
177363
177366
177369
177381
177384
177387
177390
177391
177392
177393
177394
177395
177396
177397
177398
177399
177400
177402
177403
177405
177406
177408
177410
177411
177413
177414
177416
177417
177420
177423
177426
177429
177432
177444
177447
177450
177462
177465
177468
177471
177472
177473
177474
177475
177476
177477
177478
177479
177480
177481
177483
177484
177486
177487
177489
177491
177492
177494
177495
177497
177498
177501
177504
177507
177510
177513
177525
177528
177531
177543
177546
177549
177552
177553
177554
177555
177556
177557
177558
177559
177560
177561
177562
177564
177565
177567
177568
177570
177572
177573
177575
177576
177578
177579
177582
177585
177588
177591
177594
177606
177609
177612
177624
177627
177630
177633
177634
177635
177636
177637
177638
177639
177640
177641
177642
177643
177645
177646
177648
177649
177651
177653
177654
177656
177657
177659
177660
177663
177666
177669
177672
177675
177687
177690
177693
177705
177708
177711
177714
177715
177716
177717
177718
177719
177720
177721
177722
177723
177724
177726
177727
177729
177730
177732
177734
177735
177737
177738
177740
177741
177744
177747
177750
177753
177756
177768
177771
177774
177786
177789
177792
177795
177796
177797
177798
177799
177800
177801
177802
177803
177804
177805
177807
177808
177810
177811
177813
177815
177816
177818
177819
177821
177822
177825
177828
177831
177834
177837
177849
177852
177855
177867
177870
177873
177876
177879
177882
177885
177888
177891
177894
177897
177900
177903
177906
177909
177912
177915
177918
177930
177933
177936
177948
177951
177954
177957
177960
177963
177966
177969
177972
177975
177978
177981
177984
177987
177990
177993
177996
177999
178011
178014
178017
178029
178032
178035
178038
178041
178044
178047
178050
178053
178056
178059
178062
178065
178068
178071
178074
178077
178080
178092
178095
178098
178110
178113
178116
178605
178608
178611
178614
178617
178620
178623
178626
178629
178632
178635
178638
178641
178644
178647
178659
178662
178665
178677
178680
178683
178686
178689
178692
178695
178698
178701
178704
178707
178710
178713
178716
178719
178722
178725
178728
178740
178743
178746
178758
178761
178764
178767
178770
178773
178776
178779
178782
178785
178788
178791
178794
178797
178800
178803
178806
178809
178821
178824
178827
178839
178842
178845
179334
179337
179340
179343
179346
179349
179361
179363
179364
179366
179367
179369
179370
179371
179372
179373
179374
179375
179376
179377
179378
179379
179380
179382
179383
179385
179386
179397
179400
179403
179406
179409
179412
179415
179418
179421
179424
179427
179430
179442
179444
179445
179447
179448
179450
179451
179452
179453
179454
179455
179456
179457
179458
179459
179460
179461
179463
179464
179466
179467
179478
179481
179484
179487
179490
179493
179496
179499
179502
179505
179508
179511
179523
179525
179526
179528
179529
179531
179532
179533
179534
179535
179536
179537
179538
179539
179540
179541
179542
179544
179545
179547
179548
179559
179562
179565
179568
179571
179574
179577
179580
179583
179586
179589
179592
179604
179606
179607
179609
179610
179612
179613
179614
179615
179616
179617
179618
179619
179620
179621
179622
179623
179625
179626
179628
179629
179640
179643
179646
179649
179652
179655
179658
179661
179664
179667
179670
179673
179685
179687
179688
179690
179691
179693
179694
179695
179696
179697
179698
179699
179700
179701
179702
179703
179704
179706
179707
179709
179710
179721
179724
179727
179730
179733
179736
179739
179742
179745
179748
179751
179754
179766
179768
179769
179771
179772
179774
179775
179776
179777
179778
179779
179780
179781
179782
179783
179784
179785
179787
179788
179790
179791
179802
179805
179808
179811
179814
179817
179820
179823
179826
179829
179832
179835
179847
179849
179850
179852
179853
179855
179856
179857
179858
179859
179860
179861
179862
179863
179864
179865
179866
179868
179869
179871
179872
179883
179886
179889
179892
179895
179898
179901
179904
179907
179910
179913
179916
179928
179930
179931
179933
179934
179936
179937
179938
179939
179940
179941
179942
179943
179944
179945
179946
179947
179949
179950
179952
179953
179964
179967
179970
179973
179976
179979
179982
179985
179988
179991
179994
179997
180009
180011
180012
180014
180015
180017
180018
180019
180020
180021
180022
180023
180024
180025
180026
180027
180028
180030
180031
180033
180034
180045
180048
180051
180054
180057
180060
180063
180066
180069
180072
180075
180078
180090
180093
180096
180099
180102
180105
180108
180111
180114
180126
180129
180132
180135
180138
180141
180144
180147
180150
180153
180156
180159
180171
180174
180177
180180
180183
180186
180189
180192
180195
180207
180210
180213
180216
180219
180222
180225
180228
180231
180234
180237
180240
180252
180255
180258
180261
180264
180267
180270
180273
180276
180288
180291
180294
180297
180300
180303
180792
180795
180798
180801
180804
180807
180819
180822
180825
180828
180831
180834
180837
180840
180843
180855
180858
180861
180864
180867
180870
180873
180876
180879
180882
180885
180888
180900
180903
180906
180909
180912
180915
180918
180921
180924
180936
180939
180942
180945
180948
180951
180954
180957
180960
180963
180966
180969
180981
180984
180987
180990
180993
180996
180999
181002
181005
181017
181020
181023
181026
181029
181032
181521
181524
181527
181539
181542
181545
181557
181560
181563
181566
181569
181572
181575
181576
181578
181579
181581
181582
181584
181586
181587
181589
181590
181592
181593
181594
181595
181596
181597
181598
181599
181600
181601
181602
181605
181608
181620
181623
181626
181638
181641
181644
181647
181650
181653
181656
181657
181659
181660
181662
181663
181665
181667
181668
181670
181671
181673
181674
181675
181676
181677
181678
181679
181680
181681
181682
181683
181686
181689
181701
181704
181707
181719
181722
181725
181728
181731
181734
181737
181738
181740
181741
181743
181744
181746
181748
181749
181751
181752
181754
181755
181756
181757
181758
181759
181760
181761
181762
181763
181764
181767
181770
181782
181785
181788
181800
181803
181806
181809
181812
181815
181818
181819
181821
181822
181824
181825
181827
181829
181830
181832
181833
181835
181836
181837
181838
181839
181840
181841
181842
181843
181844
181845
181848
181851
181863
181866
181869
181881
181884
181887
181890
181893
181896
181899
181900
181902
181903
181905
181906
181908
181910
181911
181913
181914
181916
181917
181918
181919
181920
181921
181922
181923
181924
181925
181926
181929
181932
181944
181947
181950
181962
181965
181968
181971
181974
181977
181980
181981
181983
181984
181986
181987
181989
181991
181992
181994
181995
181997
181998
181999
182000
182001
182002
182003
182004
182005
182006
182007
182010
182013
182025
182028
182031
182043
182046
182049
182052
182055
182058
182061
182062
182064
182065
182067
182068
182070
182072
182073
182075
182076
182078
182079
182080
182081
182082
182083
182084
182085
182086
182087
182088
182091
182094
182106
182109
182112
182124
182127
182130
182133
182136
182139
182142
182143
182145
182146
182148
182149
182151
182153
182154
182156
182157
182159
182160
182161
182162
182163
182164
182165
182166
182167
182168
182169
182172
182175
182187
182190
182193
182205
182208
182211
182214
182217
182220
182223
182224
182226
182227
182229
182230
182232
182234
182235
182237
182238
182240
182241
182242
182243
182244
182245
182246
182247
182248
182249
182250
182253
182256
182268
182271
182274
182286
182289
182292
182295
182298
182301
182304
182307
182310
182313
182316
182319
182322
182325
182328
182331
182334
182337
182349
182352
182355
182367
182370
182373
182376
182379
182382
182385
182388
182391
182394
182397
182400
182403
182406
182409
182412
182415
182418
182430
182433
182436
182448
182451
182454
182457
182460
182463
182466
182469
182472
182475
182478
182481
182484
182487
182490
182979
182982
182985
182997
183000
183003
183015
183018
183021
183024
183027
183030
183033
183036
183039
183042
183045
183048
183051
183054
183057
183060
183063
183066
183078
183081
183084
183096
183099
183102
183105
183108
183111
183114
183117
183120
183123
183126
183129
183132
183135
183138
183141
183144
183147
183159
183162
183165
183177
183180
183183
183186
183189
183192
183195
183198
183201
183204
183207
183210
183213
183216
183219
183708
183709
183710
183711
183712
183713
183714
183715
183716
183717
183718
183720
183721
183723
183724
183726
183728
183729
183731
183732
183734
183735
183738
183741
183744
183747
183750
183762
183765
183768
183780
183783
183786
183789
183790
183791
183792
183793
183794
183795
183796
183797
183798
183799
183801
183802
183804
183805
183807
183809
183810
183812
183813
183815
183816
183819
183822
183825
183828
183831
183843
183846
183849
183861
183864
183867
183870
183871
183872
183873
183874
183875
183876
183877
183878
183879
183880
183882
183883
183885
183886
183888
183890
183891
183893
183894
183896
183897
183900
183903
183906
183909
183912
183924
183927
183930
183942
183945
183948
184194
184195
184196
184197
184198
184199
184200
184201
184202
184203
184204
184206
184207
184209
184210
184212
184214
184215
184217
184218
184220
184221
184224
184227
184230
184233
184236
184248
184251
184254
184266
184269
184272
184275
184276
184277
184278
184279
184280
184281
184282
184283
184284
184285
184287
184288
184290
184291
184293
184295
184296
184298
184299
184301
184302
184305
184308
184311
184314
184317
184329
184332
184335
184347
184350
184353
184356
184357
184358
184359
184360
184361
184362
184363
184364
184365
184366
184368
184369
184371
184372
184374
184376
184377
184379
184380
184382
184383
184386
184389
184392
184395
184398
184410
184413
184416
184428
184431
184434
184923
184926
184929
184932
184935
184938
184941
184944
184947
184950
184953
184956
184959
184962
184965
184977
184980
184983
184995
184998
185001
185004
185007
185010
185013
185016
185019
185022
185025
185028
185031
185034
185037
185040
185043
185046
185058
185061
185064
185076
185079
185082
185085
185088
185091
185094
185097
185100
185103
185106
185109
185112
185115
185118
185121
185124
185127
185139
185142
185145
185157
185160
185163
185652
185655
185658
185661
185664
185667
185670
185673
185676
185679
185682
185685
185688
185691
185694
185706
185709
185712
185724
185727
185730
185733
185736
185739
185742
185745
185748
185751
185754
185757
185760
185763
185766
185769
185772
185775
185787
185790
185793
185805
185808
185811
185814
185817
185820
185823
185826
185829
185832
185835
185838
185841
185844
185847
185850
185853
185856
185868
185871
185874
185886
185889
185892
185895
185898
185901
185904
185907
185910
185922
185924
185925
185927
185928
185930
185931
185932
185933
185934
185935
185936
185937
185938
185939
185940
185941
185943
185944
185946
185947
185958
185961
185964
185967
185970
185973
185976
185979
185982
185985
185988
185991
186003
186005
186006
186008
186009
186011
186012
186013
186014
186015
186016
186017
186018
186019
186020
186021
186022
186024
186025
186027
186028
186039
186042
186045
186048
186051
186054
186057
186060
186063
186066
186069
186072
186084
186086
186087
186089
186090
186092
186093
186094
186095
186096
186097
186098
186099
186100
186101
186102
186103
186105
186106
186108
186109
186120
186123
186126
186129
186132
186135
186381
186384
186387
186390
186393
186396
186408
186410
186411
186413
186414
186416
186417
186418
186419
186420
186421
186422
186423
186424
186425
186426
186427
186429
186430
186432
186433
186444
186447
186450
186453
186456
186459
186462
186465
186468
186471
186474
186477
186489
186491
186492
186494
186495
186497
186498
186499
186500
186501
186502
186503
186504
186505
186506
186507
186508
186510
186511
186513
186514
186525
186528
186531
186534
186537
186540
186543
186546
186549
186552
186555
186558
186570
186572
186573
186575
186576
186578
186579
186580
186581
186582
186583
186584
186585
186586
186587
186588
186589
186591
186592
186594
186595
186606
186609
186612
186615
186618
186621
187110
187113
187116
187119
187122
187125
187137
187140
187143
187146
187149
187152
187155
187158
187161
187173
187176
187179
187182
187185
187188
187191
187194
187197
187200
187203
187206
187218
187221
187224
187227
187230
187233
187236
187239
187242
187254
187257
187260
187263
187266
187269
187272
187275
187278
187281
187284
187287
187299
187302
187305
187308
187311
187314
187317
187320
187323
187335
187338
187341
187344
187347
187350
187839
187842
187845
187848
187851
187854
187866
187869
187872
187875
187878
187881
187884
187887
187890
187902
187905
187908
187911
187914
187917
187920
187923
187926
187929
187932
187935
187947
187950
187953
187956
187959
187962
187965
187968
187971
187983
187986
187989
187992
187995
187998
188001
188004
188007
188010
188013
188016
188028
188031
188034
188037
188040
188043
188046
188049
188052
188064
188067
188070
188073
188076
188079
188082
188085
188088
188100
188103
188106
188118
188121
188124
188127
188130
188133
188136
188137
188139
188140
188142
188143
188145
188147
188148
188150
188151
188153
188154
188155
188156
188157
188158
188159
188160
188161
188162
188163
188166
188169
188181
188184
188187
188199
188202
188205
188208
188211
188214
188217
188218
188220
188221
188223
188224
188226
188228
188229
188231
188232
188234
188235
188236
188237
188238
188239
188240
188241
188242
188243
188244
188247
188250
188262
188265
188268
188280
188283
188286
188289
188292
188295
188298
188299
188301
188302
188304
188305
188307
188309
188310
188312
188313
188315
188316
188317
188318
188319
188320
188321
188322
188323
188324
188568
188571
188574
188586
188589
188592
188604
188607
188610
188613
188616
188619
188622
188623
188625
188626
188628
188629
188631
188633
188634
188636
188637
188639
188640
188641
188642
188643
188644
188645
188646
188647
188648
188649
188652
188655
188667
188670
188673
188685
188688
188691
188694
188697
188700
188703
188704
188706
188707
188709
188710
188712
188714
188715
188717
188718
188720
188721
188722
188723
188724
188725
188726
188727
188728
188729
188730
188733
188736
188748
188751
188754
188766
188769
188772
188775
188778
188781
188784
188785
188787
188788
188790
188791
188793
188795
188796
188798
188799
188801
188802
188803
188804
188805
188806
188807
188808
188809
188810
189297
189300
189303
189315
189318
189321
189333
189336
189339
189342
189345
189348
189351
189354
189357
189360
189363
189366
189369
189372
189375
189378
189381
189384
189396
189399
189402
189414
189417
189420
189423
189426
189429
189432
189435
189438
189441
189444
189447
189450
189453
189456
189459
189462
189465
189477
189480
189483
189495
189498
189501
189504
189507
189510
189513
189516
189519
189522
189525
189528
189531
189534
189537
190026
190029
190032
190044
190047
190050
190062
190065
190068
190071
190074
190077
190080
190083
190086
190089
190092
190095
190098
190101
190104
190107
190110
190113
190125
190128
190131
190143
190146
190149
190152
190155
190158
190161
190164
190167
190170
190173
190176
190179
190182
190185
190188
190191
190194
190206
190209
190212
190224
190227
190230
190233
190236
190239
190242
190245
190248
190251
190254
190257
190260
190263
190266
190269
190270
190271
190272
190273
190274
190275
190276
190277
190278
190279
190281
190282
190284
190285
190287
190289
190290
190292
190293
190295
190296
190299
190302
190305
190308
190311
190323
190326
190329
190341
190344
190347
190350
190351
190352
190353
190354
190355
190356
190357
190358
190359
190360
190362
190363
190365
190366
190368
190370
190371
190373
190374
190376
190377
190380
190383
190386
190389
190392
190404
190407
190410
190422
190425
190428
190431
190432
190433
190434
190435
190436
190437
190438
190439
190440
190441
190443
190444
190446
190447
190449
190451
190452
190454
190455
190457
190458
190461
190464
190467
190470
190473
190485
190488
190491
190503
190506
190509
190512
190513
190514
190515
190516
190517
190518
190519
190520
190521
190522
190524
190525
190527
190528
190530
190532
190533
190535
190536
190538
190539
190542
190545
190548
190551
190554
190566
190569
190572
190584
190587
190590
190593
190594
190595
190596
190597
190598
190599
190600
190601
190602
190603
190605
190606
190608
190609
190611
190613
190614
190616
190617
190619
190620
190623
190626
190629
190632
190635
190647
190650
190653
190665
190668
190671
190674
190675
190676
190677
190678
190679
190680
190681
190682
190683
190684
190686
190687
190689
190690
190692
190694
190695
190697
190698
190700
190701
190704
190707
190710
190713
190716
190728
190731
190734
190746
190749
190752
191241
191244
191247
191250
191253
191256
191259
191262
191265
191268
191271
191274
191277
191280
191283
191295
191298
191301
191313
191316
191319
191322
191325
191328
191331
191334
191337
191340
191343
191346
191349
191352
191355
191358
191361
191364
191376
191379
191382
191394
191397
191400
191403
191406
191409
191412
191415
191418
191421
191424
191427
191430
191433
191436
191439
191442
191445
191457
191460
191463
191475
191478
191481
191970
191973
191976
191979
191982
191985
191988
191991
191994
191997
192000
192003
192006
192009
192012
192024
192027
192030
192042
192045
192048
192051
192054
192057
192060
192063
192066
192069
192072
192075
192078
192081
192084
192087
192090
192093
192105
192108
192111
192123
192126
192129
192132
192135
192138
192141
192144
192147
192150
192153
192156
192159
192162
192165
192168
192171
192174
192186
192189
192192
192204
192207
192210
192456
192459
192462
192465
192468
192471
192483
192485
192486
192488
192489
192491
192492
192493
192494
192495
192496
192497
192498
192499
192500
192501
192502
192504
192505
192507
192508
192519
192522
192525
192528
192531
192534
192537
192540
192543
192546
192549
192552
192564
192566
192567
192569
192570
192572
192573
192574
192575
192576
192577
192578
192579
192580
192581
192582
192583
192585
192586
192588
192589
192600
192603
192606
192609
192612
192615
192618
192621
192624
192627
192630
192633
192645
192647
192648
192650
192651
192653
192654
192655
192656
192657
192658
192659
192660
192661
192662
192663
192664
192666
192667
192669
192670
192681
192684
192687
192690
192693
192696
192699
192702
192705
192708
192711
192714
192726
192728
192729
192731
192732
192734
192735
192736
192737
192738
192739
192740
192741
192742
192743
192744
192745
192747
192748
192750
192751
192762
192765
192768
192771
192774
192777
192780
192783
192786
192789
192792
192795
192807
192809
192810
192812
192813
192815
192816
192817
192818
192819
192820
192821
192822
192823
192824
192825
192826
192828
192829
192831
192832
192843
192846
192849
192852
192855
192858
192861
192864
192867
192870
192873
192876
192888
192890
192891
192893
192894
192896
192897
192898
192899
192900
192901
192902
192903
192904
192905
192906
192907
192909
192910
192912
192913
192924
192927
192930
192933
192936
192939
193428
193431
193434
193437
193440
193443
193455
193458
193461
193464
193467
193470
193473
193476
193479
193491
193494
193497
193500
193503
193506
193509
193512
193515
193518
193521
193524
193536
193539
193542
193545
193548
193551
193554
193557
193560
193572
193575
193578
193581
193584
193587
193590
193593
193596
193599
193602
193605
193617
193620
193623
193626
193629
193632
193635
193638
193641
193653
193656
193659
193662
193665
193668
194157
194160
194163
194166
194169
194172
194184
194187
194190
194193
194196
194199
194202
194205
194208
194220
194223
194226
194229
194232
194235
194238
194241
194244
194247
194250
194253
194265
194268
194271
194274
194277
194280
194283
194286
194289
194301
194304
194307
194310
194313
194316
194319
194322
194325
194328
194331
194334
194346
194349
194352
194355
194358
194361
194364
194367
194370
194382
194385
194388
194391
194394
194397
194643
194646
194649
194661
194664
194667
194679
194682
194685
194688
194691
194694
194697
194698
194700
194701
194703
194704
194706
194708
194709
194711
194712
194714
194715
194716
194717
194718
194719
194720
194721
194722
194723
194724
194727
194730
194742
194745
194748
194760
194763
194766
194769
194772
194775
194778
194779
194781
194782
194784
194785
194787
194789
194790
194792
194793
194795
194796
194797
194798
194799
194800
194801
194802
194803
194804
194805
194808
194811
194823
194826
194829
194841
194844
194847
194850
194853
194856
194859
194860
194862
194863
194865
194866
194868
194870
194871
194873
194874
194876
194877
194878
194879
194880
194881
194882
194883
194884
194885
194886
194889
194892
194904
194907
194910
194922
194925
194928
194931
194934
194937
194940
194941
194943
194944
194946
194947
194949
194951
194952
194954
194955
194957
194958
194959
194960
194961
194962
194963
194964
194965
194966
194967
194970
194973
194985
194988
194991
195003
195006
195009
195012
195015
195018
195021
195022
195024
195025
195027
195028
195030
195032
195033
195035
195036
195038
195039
195040
195041
195042
195043
195044
195045
195046
195047
195048
195051
195054
195066
195069
195072
195084
195087
195090
195093
195096
195099
195102
195103
195105
195106
195108
195109
195111
195113
195114
195116
195117
195119
195120
195121
195122
195123
195124
195125
195126
195127
195128
195615
195618
195621
195633
195636
195639
195651
195654
195657
195660
195663
195666
195669
195672
195675
195678
195681
195684
195687
195690
195693
195696
195699
195702
195714
195717
195720
195732
195735
195738
195741
195744
195747
195750
195753
195756
195759
195762
195765
195768
195771
195774
195777
195780
195783
195795
195798
195801
195813
195816
195819
195822
195825
195828
195831
195834
195837
195840
195843
195846
195849
195852
195855
196344
196347
196350
196362
196365
196368
196380
196383
196386
196389
196392
196395
196398
196401
196404
196407
196410
196413
196416
196419
196422
196425
196428
196431
196443
196446
196449
196461
196464
196467
196470
196473
196476
196479
196482
196485
196488
196491
196494
196497
196500
196503
196506
196509
196512
196524
196527
196530
196542
196545
196548
196551
196554
196557
196560
196563
196566
196569
196572
196575
196578
196581
196584
196830
196831
196832
196833
196834
196835
196836
196837
196838
196839
196840
196842
196843
196845
196846
196848
196850
196851
196853
196854
196856
196857
196860
196863
196866
196869
196872
196884
196887
196890
196902
196905
196908
196911
196912
196913
196914
196915
196916
196917
196918
196919
196920
196921
196923
196924
196926
196927
196929
196931
196932
196934
196935
196937
196938
196941
196944
196947
196950
196953
196965
196968
196971
196983
196986
196989
196992
196993
196994
196995
196996
196997
196998
196999
197000
197001
197002
197004
197005
197007
197008
197010
197012
197013
197015
197016
197018
197019
197022
197025
197028
197031
197034
197046
197049
197052
197064
197067
197070
197559
197562
197565
197568
197571
197574
197577
197580
197583
197586
197589
197592
197595
197598
197601
197613
197616
197619
197631
197634
197637
197640
197643
197646
197649
197652
197655
197658
197661
197664
197667
197670
197673
197676
197679
197682
197694
197697
197700
197712
197715
197718
197721
197724
197727
197730
197733
197736
197739
197742
197745
197748
197751
197754
197757
197760
197763
197775
197778
197781
197793
197796
197799
198288
198291
198294
198297
198300
198303
198306
198309
198312
198315
198318
198321
198324
198327
198330
198342
198345
198348
198360
198363
198366
198369
198372
198375
198378
198381
198384
198387
198390
198393
198396
198399
198402
198405
198408
198411
198423
198426
198429
198441
198444
198447
198450
198453
198456
198459
198462
198465
198468
198471
198474
198477
198480
198483
198486
198489
198492
198504
198507
198510
198522
198525
198528
199017
199020
199023
199026
199029
199032
199044
199046
199047
199049
199050
199052
199053
199054
199055
199056
199057
199058
199059
199060
199061
199062
199063
199065
199066
199068
199069
199080
199083
199086
199089
199092
199095
199098
199101
199104
199107
199110
199113
199125
199127
199128
199130
199131
199133
199134
199135
199136
199137
199138
199139
199140
199141
199142
199143
199144
199146
199147
199149
199150
199161
199164
199167
199170
199173
199176
199179
199182
199185
199188
199191
199194
199206
199208
199209
199211
199212
199214
199215
199216
199217
199218
199219
199220
199221
199222
199223
199224
199225
199227
199228
199230
199231
199242
199245
199248
199251
199254
199257
199746
199749
199752
199755
199758
199761
199773
199776
199779
199782
199785
199788
199791
199794
199797
199809
199812
199815
199818
199821
199824
199827
199830
199833
199836
199839
199842
199854
199857
199860
199863
199866
199869
199872
199875
199878
199890
199893
199896
199899
199902
199905
199908
199911
199914
199917
199920
199923
199935
199938
199941
199944
199947
199950
199953
199956
199959
199971
199974
199977
199980
199983
199986
200475
200478
200481
200484
200487
200490
200502
200505
200508
200511
200514
200517
200520
200523
200526
200538
200541
200544
200547
200550
200553
200556
200559
200562
200565
200568
200571
200583
200586
200589
200592
200595
200598
200601
200604
200607
200619
200622
200625
200628
200631
200634
200637
200640
200643
200646
200649
200652
200664
200667
200670
200673
200676
200679
200682
200685
200688
200700
200703
200706
200709
200712
200715
201204
201207
201210
201222
201225
201228
201240
201243
201246
201249
201252
201255
201258
201259
201261
201262
201264
201265
201267
201269
201270
201272
201273
201275
201276
201277
201278
201279
201280
201281
201282
201283
201284
201285
201288
201291
201303
201306
201309
201321
201324
201327
201330
201333
201336
201339
201340
201342
201343
201345
201346
201348
201350
201351
201353
201354
201356
201357
201358
201359
201360
201361
201362
201363
201364
201365
201366
201369
201372
201384
201387
201390
201402
201405
201408
201411
201414
201417
201420
201421
201423
201424
201426
201427
201429
201431
201432
201434
201435
201437
201438
201439
201440
201441
201442
201443
201444
201445
201446
201933
201936
201939
201951
201954
201957
201969
201972
201975
201978
201981
201984
201987
201990
201993
201996
201999
202002
202005
202008
202011
202014
202017
202020
202032
202035
202038
202050
202053
202056
202059
202062
202065
202068
202071
202074
202077
202080
202083
202086
202089
202092
202095
202098
202101
202113
202116
202119
202131
202134
202137
202140
202143
202146
202149
202152
202155
202158
202161
202164
202167
202170
202173
202662
202665
202668
202680
202683
202686
202698
202701
202704
202707
202710
202713
202716
202719
202722
202725
202728
202731
202734
202737
202740
202743
202746
202749
202761
202764
202767
202779
202782
202785
202788
202791
202794
202797
202800
202803
202806
202809
202812
202815
202818
202821
202824
202827
202830
202842
202845
202848
202860
202863
202866
202869
202872
202875
202878
202881
202884
202887
202890
202893
202896
202899
202902
203877
203878
203879
203880
203881
203882
203883
203884
203885
203886
203887
203889
203890
203892
203893
203895
203897
203898
203900
203901
203903
203904
203907
203910
203913
203916
203919
203931
203934
203937
203949
203952
203955
203958
203959
203960
203961
203962
203963
203964
203965
203966
203967
203968
203970
203971
203973
203974
203976
203978
203979
203981
203982
203984
203985
203988
203991
203994
203997
204000
204012
204015
204018
204030
204033
204036
204039
204040
204041
204042
204043
204044
204045
204046
204047
204048
204049
204051
204052
204054
204055
204057
204059
204060
204062
204063
204065
204066
204069
204072
204075
204078
204081
204093
204096
204099
204111
204114
204117
204606
204609
204612
204615
204618
204621
204624
204627
204630
204633
204636
204639
204642
204645
204648
204660
204663
204666
204678
204681
204684
204687
204690
204693
204696
204699
204702
204705
204708
204711
204714
204717
204720
204723
204726
204729
204741
204744
204747
204759
204762
204765
204768
204771
204774
204777
204780
204783
204786
204789
204792
204795
204798
204801
204804
204807
204810
204822
204825
204828
204840
204843
204846
205335
205338
205341
205344
205347
205350
205353
205356
205359
205362
205365
205368
205371
205374
205377
205389
205392
205395
205407
205410
205413
205416
205419
205422
205425
205428
205431
205434
205437
205440
205443
205446
205449
205452
205455
205458
205470
205473
205476
205488
205491
205494
205497
205500
205503
205506
205509
205512
205515
205518
205521
205524
205527
205530
205533
205536
205539
205551
205554
205557
205569
205572
205575
206064
206067
206070
206073
206076
206079
206091
206093
206094
206096
206097
206099
206100
206101
206102
206103
206104
206105
206106
206107
206108
206109
206110
206112
206113
206115
206116
206127
206130
206133
206136
206139
206142
206145
206148
206151
206154
206157
206160
206172
206174
206175
206177
206178
206180
206181
206182
206183
206184
206185
206186
206187
206188
206189
206190
206191
206193
206194
206196
206197
206208
206211
206214
206217
206220
206223
206226
206229
206232
206235
206238
206241
206253
206255
206256
206258
206259
206261
206262
206263
206264
206265
206266
206267
206268
206269
206270
206271
206272
206274
206275
206277
206278
206289
206292
206295
206298
206301
206304
206793
206796
206799
206802
206805
206808
206820
206823
206826
206829
206832
206835
206838
206841
206844
206856
206859
206862
206865
206868
206871
206874
206877
206880
206883
206886
206889
206901
206904
206907
206910
206913
206916
206919
206922
206925
206937
206940
206943
206946
206949
206952
206955
206958
206961
206964
206967
206970
206982
206985
206988
206991
206994
206997
207000
207003
207006
207018
207021
207024
207027
207030
207033
207522
207525
207528
207531
207534
207537
207549
207552
207555
207558
207561
207564
207567
207570
207573
207585
207588
207591
207594
207597
207600
207603
207606
207609
207612
207615
207618
207630
207633
207636
207639
207642
207645
207648
207651
207654
207666
207669
207672
207675
207678
207681
207684
207687
207690
207693
207696
207699
207711
207714
207717
207720
207723
207726
207729
207732
207735
207747
207750
207753
207756
207759
207762
208251
208254
208257
208269
208272
208275
208287
208290
208293
208296
208299
208302
208305
208306
208308
208309
208311
208312
208314
208316
208317
208319
208320
208322
208323
208324
208325
208326
208327
208328
208329
208330
208331
208332
208335
208338
208350
208353
208356
208368
208371
208374
208377
208380
208383
208386
208387
208389
208390
208392
208393
208395
208397
208398
208400
208401
208403
208404
208405
208406
208407
208408
208409
208410
208411
208412
208413
208416
208419
208431
208434
208437
208449
208452
208455
208458
208461
208464
208467
208468
208470
208471
208473
208474
208476
208478
208479
208481
208482
208484
208485
208486
208487
208488
208489
208490
208491
208492
208493
208980
208983
208986
208998
209001
209004
209016
209019
209022
209025
209028
209031
209034
209037
209040
209043
209046
209049
209052
209055
209058
209061
209064
209067
209079
209082
209085
209097
209100
209103
209106
209109
209112
209115
209118
209121
209124
209127
209130
209133
209136
209139
209142
209145
209148
209160
209163
209166
209178
209181
209184
209187
209190
209193
209196
209199
209202
209205
209208
209211
209214
209217
209220
209709
209712
209715
209727
209730
209733
209745
209748
209751
209754
209757
209760
209763
209766
209769
209772
209775
209778
209781
209784
209787
209790
209793
209796
209808
209811
209814
209826
209829
209832
209835
209838
209841
209844
209847
209850
209853
209856
209859
209862
209865
209868
209871
209874
209877
209889
209892
209895
209907
209910
209913
209916
209919
209922
209925
209928
209931
209934
209937
209940
209943
209946
209949
216513
216514
216515
216516
216517
216518
216519
216520
216521
216522
216523
216525
216526
216528
216529
216531
216533
216534
216536
216537
216539
216540
216543
216546
216549
216552
216555
216567
216570
216573
216585
216588
216591
216594
216595
216596
216597
216598
216599
216600
216601
216602
216603
216604
216606
216607
216609
216610
216612
216614
216615
216617
216618
216620
216621
216624
216627
216630
216633
216636
216648
216651
216654
216666
216669
216672
216675
216676
216677
216678
216679
216680
216681
216682
216683
216684
216685
216687
216688
216690
216691
216693
216695
216696
216698
216699
216701
216702
216705
216708
216711
216714
216717
216729
216732
216735
216747
216750
216753
217242
217245
217248
217251
217254
217257
217260
217263
217266
217269
217272
217275
217278
217281
217284
217296
217299
217302
217314
217317
217320
217323
217326
217329
217332
217335
217338
217341
217344
217347
217350
217353
217356
217359
217362
217365
217377
217380
217383
217395
217398
217401
217404
217407
217410
217413
217416
217419
217422
217425
217428
217431
217434
217437
217440
217443
217446
217458
217461
217464
217476
217479
217482
217971
217974
217977
217980
217983
217986
217989
217992
217995
217998
218001
218004
218007
218010
218013
218025
218028
218031
218043
218046
218049
218052
218055
218058
218061
218064
218067
218070
218073
218076
218079
218082
218085
218088
218091
218094
218106
218109
218112
218124
218127
218130
218133
218136
218139
218142
218145
218148
218151
218154
218157
218160
218163
218166
218169
218172
218175
218187
218190
218193
218205
218208
218211
218700
218703
218706
218709
218712
218715
218727
218729
218730
218732
218733
218735
218736
218737
218738
218739
218740
218741
218742
218743
218744
218745
218746
218748
218749
218751
218752
218763
218766
218769
218772
218775
218778
218781
218784
218787
218790
218793
218796
218808
218810
218811
218813
218814
218816
218817
218818
218819
218820
218821
218822
218823
218824
218825
218826
218827
218829
218830
218832
218833
218844
218847
218850
218853
218856
218859
218862
218865
218868
218871
218874
218877
218889
218891
218892
218894
218895
218897
218898
218899
218900
218901
218902
218903
218904
218905
218906
218907
218908
218910
218911
218913
218914
218925
218928
218931
218934
218937
218940
219429
219432
219435
219438
219441
219444
219456
219459
219462
219465
219468
219471
219474
219477
219480
219492
219495
219498
219501
219504
219507
219510
219513
219516
219519
219522
219525
219537
219540
219543
219546
219549
219552
219555
219558
219561
219573
219576
219579
219582
219585
219588
219591
219594
219597
219600
219603
219606
219618
219621
219624
219627
219630
219633
219636
219639
219642
219654
219657
219660
219663
219666
219669
220158
220161
220164
220167
220170
220173
220185
220188
220191
220194
220197
220200
220203
220206
220209
220221
220224
220227
220230
220233
220236
220239
220242
220245
220248
220251
220254
220266
220269
220272
220275
220278
220281
220284
220287
220290
220302
220305
220308
220311
220314
220317
220320
220323
220326
220329
220332
220335
220347
220350
220353
220356
220359
220362
220365
220368
220371
220383
220386
220389
220392
220395
220398
220887
220890
220893
220905
220908
220911
220923
220926
220929
220932
220935
220938
220941
220942
220944
220945
220947
220948
220950
220952
220953
220955
220956
220958
220959
220960
220961
220962
220963
220964
220965
220966
220967
220968
220971
220974
220986
220989
220992
221004
221007
221010
221013
221016
221019
221022
221023
221025
221026
221028
221029
221031
221033
221034
221036
221037
221039
221040
221041
221042
221043
221044
221045
221046
221047
221048
221049
221052
221055
221067
221070
221073
221085
221088
221091
221094
221097
221100
221103
221104
221106
221107
221109
221110
221112
221114
221115
221117
221118
221120
221121
221122
221123
221124
221125
221126
221127
221128
221129
221616
221619
221622
221634
221637
221640
221652
221655
221658
221661
221664
221667
221670
221673
221676
221679
221682
221685
221688
221691
221694
221697
221700
221703
221715
221718
221721
221733
221736
221739
221742
221745
221748
221751
221754
221757
221760
221763
221766
221769
221772
221775
221778
221781
221784
221796
221799
221802
221814
221817
221820
221823
221826
221829
221832
221835
221838
221841
221844
221847
221850
221853
221856
222345
222348
222351
222363
222366
222369
222381
222384
222387
222390
222393
222396
222399
222402
222405
222408
222411
222414
222417
222420
222423
222426
222429
222432
222444
222447
222450
222462
222465
222468
222471
222474
222477
222480
222483
222486
222489
222492
222495
222498
222501
222504
222507
222510
222513
222525
222528
222531
222543
222546
222549
222552
222555
222558
222561
222564
222567
222570
222573
222576
222579
222582
222585
229878
229879
229880
229881
229882
229883
229884
229885
229886
229887
229888
229890
229891
229893
229894
229896
229898
229899
229901
229902
229904
229905
229908
229911
229914
229917
229920
229932
229935
229938
229950
229953
229956
229959
229960
229961
229962
229963
229964
229965
229966
229967
229968
229969
229971
229972
229974
229975
229977
229979
229980
229982
229983
229985
229986
229989
229992
229995
229998
230001
230013
230016
230019
230031
230034
230037
230040
230041
230042
230043
230044
230045
230046
230047
230048
230049
230050
230052
230053
230055
230056
230058
230060
230061
230063
230064
230066
230067
230070
230073
230076
230079
230082
230094
230097
230100
230112
230115
230118
230607
230610
230613
230616
230619
230622
230625
230628
230631
230634
230637
230640
230643
230646
230649
230661
230664
230667
230679
230682
230685
230688
230691
230694
230697
230700
230703
230706
230709
230712
230715
230718
230721
230724
230727
230730
230742
230745
230748
230760
230763
230766
230769
230772
230775
230778
230781
230784
230787
230790
230793
230796
230799
230802
230805
230808
230811
230823
230826
230829
230841
230844
230847
231336
231339
231342
231345
231348
231351
231354
231357
231360
231363
231366
231369
231372
231375
231378
231390
231393
231396
231408
231411
231414
231417
231420
231423
231426
231429
231432
231435
231438
231441
231444
231447
231450
231453
231456
231459
231471
231474
231477
231489
231492
231495
231498
231501
231504
231507
231510
231513
231516
231519
231522
231525
231528
231531
231534
231537
231540
231552
231555
231558
231570
231573
231576
232065
232068
232071
232074
232077
232080
232092
232094
232095
232097
232098
232100
232101
232102
232103
232104
232105
232106
232107
232108
232109
232110
232111
232113
232114
232116
232117
232128
232131
232134
232137
232140
232143
232146
232149
232152
232155
232158
232161
232173
232175
232176
232178
232179
232181
232182
232183
232184
232185
232186
232187
232188
232189
232190
232191
232192
232194
232195
232197
232198
232209
232212
232215
232218
232221
232224
232227
232230
232233
232236
232239
232242
232254
232256
232257
232259
232260
232262
232263
232264
232265
232266
232267
232268
232269
232270
232271
232272
232273
232275
232276
232278
232279
232290
232293
232296
232299
232302
232305
232794
232797
232800
232803
232806
232809
232821
232824
232827
232830
232833
232836
232839
232842
232845
232857
232860
232863
232866
232869
232872
232875
232878
232881
232884
232887
232890
232902
232905
232908
232911
232914
232917
232920
232923
232926
232938
232941
232944
232947
232950
232953
232956
232959
232962
232965
232968
232971
232983
232986
232989
232992
232995
232998
233001
233004
233007
233019
233022
233025
233028
233031
233034
233523
233526
233529
233532
233535
233538
233550
233553
233556
233559
233562
233565
233568
233571
233574
233586
233589
233592
233595
233598
233601
233604
233607
233610
233613
233616
233619
233631
233634
233637
233640
233643
233646
233649
233652
233655
233667
233670
233673
233676
233679
233682
233685
233688
233691
233694
233697
233700
233712
233715
233718
233721
233724
233727
233730
233733
233736
233748
233751
233754
233757
233760
233763
234252
234255
234258
234270
234273
234276
234288
234291
234294
234297
234300
234303
234306
234307
234309
234310
234312
234313
234315
234317
234318
234320
234321
234323
234324
234325
234326
234327
234328
234329
234330
234331
234332
234333
234336
234339
234351
234354
234357
234369
234372
234375
234378
234381
234384
234387
234388
234390
234391
234393
234394
234396
234398
234399
234401
234402
234404
234405
234406
234407
234408
234409
234410
234411
234412
234413
234414
234417
234420
234432
234435
234438
234450
234453
234456
234459
234462
234465
234468
234469
234471
234472
234474
234475
234477
234479
234480
234482
234483
234485
234486
234487
234488
234489
234490
234491
234492
234493
234494
234981
234984
234987
234999
235002
235005
235017
235020
235023
235026
235029
235032
235035
235038
235041
235044
235047
235050
235053
235056
235059
235062
235065
235068
235080
235083
235086
235098
235101
235104
235107
235110
235113
235116
235119
235122
235125
235128
235131
235134
235137
235140
235143
235146
235149
235161
235164
235167
235179
235182
235185
235188
235191
235194
235197
235200
235203
235206
235209
235212
235215
235218
235221
235710
235713
235716
235728
235731
235734
235746
235749
235752
235755
235758
235761
235764
235767
235770
235773
235776
235779
235782
235785
235788
235791
235794
235797
235809
235812
235815
235827
235830
235833
235836
235839
235842
235845
235848
235851
235854
235857
235860
235863
235866
235869
235872
235875
235878
235890
235893
235896
235908
235911
235914
235917
235920
235923
235926
235929
235932
235935
235938
235941
235944
235947
235950
354294
354295
354296
354297
354298
354299
354300
354301
354302
354303
354304
354306
354307
354309
354310
354312
354314
354315
354317
354318
354320
354321
354324
354327
354330
354333
354336
354348
354351
354354
354366
354369
354372
354375
354376
354377
354378
354379
354380
354381
354382
354383
354384
354385
354387
354388
354390
354391
354393
354395
354396
354398
354399
354401
354402
354405
354408
354411
354414
354417
354429
354432
354435
354447
354450
354453
354456
354457
354458
354459
354460
354461
354462
354463
354464
354465
354466
354468
354469
354471
354472
354474
354476
354477
354479
354480
354482
354483
354486
354489
354492
354495
354498
354510
354513
354516
354528
354531
354534
354537
354538
354539
354540
354541
354542
354543
354544
354545
354546
354547
354549
354550
354552
354553
354555
354557
354558
354560
354561
354563
354564
354567
354570
354573
354576
354579
354591
354594
354597
354609
354612
354615
354618
354619
354620
354621
354622
354623
354624
354625
354626
354627
354628
354630
354631
354633
354634
354636
354638
354639
354641
354642
354644
354645
354648
354651
354654
354657
354660
354672
354675
354678
354690
354693
354696
354699
354700
354701
354702
354703
354704
354705
354706
354707
354708
354709
354711
354712
354714
354715
354717
354719
354720
354722
354723
354725
354726
354729
354732
354735
354738
354741
354753
354756
354759
354771
354774
354777
354780
354781
354782
354783
354784
354785
354786
354787
354788
354789
354790
354792
354793
354795
354796
354798
354800
354801
354803
354804
354806
354807
354810
354813
354816
354819
354822
354834
354837
354840
354852
354855
354858
354861
354862
354863
354864
354865
354866
354867
354868
354869
354870
354871
354873
354874
354876
354877
354879
354881
354882
354884
354885
354887
354888
354891
354894
354897
354900
354903
354915
354918
354921
354933
354936
354939
354942
354943
354944
354945
354946
354947
354948
354949
354950
354951
354952
354954
354955
354957
354958
354960
354962
354963
354965
354966
354968
354969
354972
354975
354978
354981
354984
354996
354999
355002
355014
355017
355020
355023
355026
355029
355032
355035
355038
355041
355044
355047
355050
355053
355056
355059
355062
355065
355077
355080
355083
355095
355098
355101
355104
355107
355110
355113
355116
355119
355122
355125
355128
355131
355134
355137
355140
355143
355146
355158
355161
355164
355176
355179
355182
355185
355188
355191
355194
355197
355200
355203
355206
355209
355212
355215
355218
355221
355224
355227
355239
355242
355245
355257
355260
355263
355752
355755
355758
355761
355764
355767
355770
355773
355776
355779
355782
355785
355788
355791
355794
355806
355809
355812
355824
355827
355830
355833
355836
355839
355842
355845
355848
355851
355854
355857
355860
355863
355866
355869
355872
355875
355887
355890
355893
355905
355908
355911
355914
355917
355920
355923
355926
355929
355932
355935
355938
355941
355944
355947
355950
355953
355956
355968
355971
355974
355986
355989
355992
356481
356484
356487
356490
356493
356496
356508
356510
356511
356513
356514
356516
356517
356518
356519
356520
356521
356522
356523
356524
356525
356526
356527
356529
356530
356532
356533
356544
356547
356550
356553
356556
356559
356562
356565
356568
356571
356574
356577
356589
356591
356592
356594
356595
356597
356598
356599
356600
356601
356602
356603
356604
356605
356606
356607
356608
356610
356611
356613
356614
356625
356628
356631
356634
356637
356640
356643
356646
356649
356652
356655
356658
356670
356672
356673
356675
356676
356678
356679
356680
356681
356682
356683
356684
356685
356686
356687
356688
356689
356691
356692
356694
356695
356706
356709
356712
356715
356718
356721
356724
356727
356730
356733
356736
356739
356751
356753
356754
356756
356757
356759
356760
356761
356762
356763
356764
356765
356766
356767
356768
356769
356770
356772
356773
356775
356776
356787
356790
356793
356796
356799
356802
356805
356808
356811
356814
356817
356820
356832
356834
356835
356837
356838
356840
356841
356842
356843
356844
356845
356846
356847
356848
356849
356850
356851
356853
356854
356856
356857
356868
356871
356874
356877
356880
356883
356886
356889
356892
356895
356898
356901
356913
356915
356916
356918
356919
356921
356922
356923
356924
356925
356926
356927
356928
356929
356930
356931
356932
356934
356935
356937
356938
356949
356952
356955
356958
356961
356964
356967
356970
356973
356976
356979
356982
356994
356996
356997
356999
357000
357002
357003
357004
357005
357006
357007
357008
357009
357010
357011
357012
357013
357015
357016
357018
357019
357030
357033
357036
357039
357042
357045
357048
357051
357054
357057
357060
357063
357075
357077
357078
357080
357081
357083
357084
357085
357086
357087
357088
357089
357090
357091
357092
357093
357094
357096
357097
357099
357100
357111
357114
357117
357120
357123
357126
357129
357132
357135
357138
357141
357144
357156
357158
357159
357161
357162
357164
357165
357166
357167
357168
357169
357170
357171
357172
357173
357174
357175
357177
357178
357180
357181
357192
357195
357198
357201
357204
357207
357210
357213
357216
357219
357222
357225
357237
357240
357243
357246
357249
357252
357255
357258
357261
357273
357276
357279
357282
357285
357288
357291
357294
357297
357300
357303
357306
357318
357321
357324
357327
357330
357333
357336
357339
357342
357354
357357
357360
357363
357366
357369
357372
357375
357378
357381
357384
357387
357399
357402
357405
357408
357411
357414
357417
357420
357423
357435
357438
357441
357444
357447
357450
357939
357942
357945
357948
357951
357954
357966
357969
357972
357975
357978
357981
357984
357987
357990
358002
358005
358008
358011
358014
358017
358020
358023
358026
358029
358032
358035
358047
358050
358053
358056
358059
358062
358065
358068
358071
358083
358086
358089
358092
358095
358098
358101
358104
358107
358110
358113
358116
358128
358131
358134
358137
358140
358143
358146
358149
358152
358164
358167
358170
358173
358176
358179
358668
358671
358674
358686
358689
358692
358704
358707
358710
358713
358716
358719
358722
358723
358725
358726
358728
358729
358731
358733
358734
358736
358737
358739
358740
358741
358742
358743
358744
358745
358746
358747
358748
358749
358752
358755
358767
358770
358773
358785
358788
358791
358794
358797
358800
358803
358804
358806
358807
358809
358810
358812
358814
358815
358817
358818
358820
358821
358822
358823
358824
358825
358826
358827
358828
358829
358830
358833
358836
358848
358851
358854
358866
358869
358872
358875
358878
358881
358884
358885
358887
358888
358890
358891
358893
358895
358896
358898
358899
358901
358902
358903
358904
358905
358906
358907
358908
358909
358910
358911
358914
358917
358929
358932
358935
358947
358950
358953
358956
358959
358962
358965
358966
358968
358969
358971
358972
358974
358976
358977
358979
358980
358982
358983
358984
358985
358986
358987
358988
358989
358990
358991
358992
358995
358998
359010
359013
359016
359028
359031
359034
359037
359040
359043
359046
359047
359049
359050
359052
359053
359055
359057
359058
359060
359061
359063
359064
359065
359066
359067
359068
359069
359070
359071
359072
359073
359076
359079
359091
359094
359097
359109
359112
359115
359118
359121
359124
359127
359128
359130
359131
359133
359134
359136
359138
359139
359141
359142
359144
359145
359146
359147
359148
359149
359150
359151
359152
359153
359154
359157
359160
359172
359175
359178
359190
359193
359196
359199
359202
359205
359208
359209
359211
359212
359214
359215
359217
359219
359220
359222
359223
359225
359226
359227
359228
359229
359230
359231
359232
359233
359234
359235
359238
359241
359253
359256
359259
359271
359274
359277
359280
359283
359286
359289
359290
359292
359293
359295
359296
359298
359300
359301
359303
359304
359306
359307
359308
359309
359310
359311
359312
359313
359314
359315
359316
359319
359322
359334
359337
359340
359352
359355
359358
359361
359364
359367
359370
359371
359373
359374
359376
359377
359379
359381
359382
359384
359385
359387
359388
359389
359390
359391
359392
359393
359394
359395
359396
359397
359400
359403
359415
359418
359421
359433
359436
359439
359442
359445
359448
359451
359454
359457
359460
359463
359466
359469
359472
359475
359478
359481
359484
359496
359499
359502
359514
359517
359520
359523
359526
359529
359532
359535
359538
359541
359544
359547
359550
359553
359556
359559
359562
359565
359577
359580
359583
359595
359598
359601
359604
359607
359610
359613
359616
359619
359622
359625
359628
359631
359634
359637
360126
360129
360132
360144
360147
360150
360162
360165
360168
360171
360174
360177
360180
360183
360186
360189
360192
360195
360198
360201
360204
360207
360210
360213
360225
360228
360231
360243
360246
360249
360252
360255
360258
360261
360264
360267
360270
360273
360276
360279
360282
360285
360288
360291
360294
360306
360309
360312
360324
360327
360330
360333
360336
360339
360342
360345
360348
360351
360354
360357
360360
360363
360366
360855
360856
360857
360858
360859
360860
360861
360862
360863
360864
360865
360867
360868
360870
360871
360873
360875
360876
360878
360879
360881
360882
360885
360888
360891
360894
360897
360909
360912
360915
360927
360930
360933
360936
360937
360938
360939
360940
360941
360942
360943
360944
360945
360946
360948
360949
360951
360952
360954
360956
360957
360959
360960
360962
360963
360966
360969
360972
360975
360978
360990
360993
360996
361008
361011
361014
361017
361018
361019
361020
361021
361022
361023
361024
361025
361026
361027
361029
361030
361032
361033
361035
361037
361038
361040
361041
361043
361044
361047
361050
361053
361056
361059
361071
361074
361077
361089
361092
361095
361341
361342
361343
361344
361345
361346
361347
361348
361349
361350
361351
361353
361354
361356
361357
361359
361361
361362
361364
361365
361367
361368
361371
361374
361377
361380
361383
361395
361398
361401
361413
361416
361419
361422
361423
361424
361425
361426
361427
361428
361429
361430
361431
361432
361434
361435
361437
361438
361440
361442
361443
361445
361446
361448
361449
361452
361455
361458
361461
361464
361476
361479
361482
361494
361497
361500
361503
361504
361505
361506
361507
361508
361509
361510
361511
361512
361513
361515
361516
361518
361519
361521
361523
361524
361526
361527
361529
361530
361533
361536
361539
361542
361545
361557
361560
361563
361575
361578
361581
362070
362073
362076
362079
362082
362085
362088
362091
362094
362097
362100
362103
362106
362109
362112
362124
362127
362130
362142
362145
362148
362151
362154
362157
362160
362163
362166
362169
362172
362175
362178
362181
362184
362187
362190
362193
362205
362208
362211
362223
362226
362229
362232
362235
362238
362241
362244
362247
362250
362253
362256
362259
362262
362265
362268
362271
362274
362286
362289
362292
362304
362307
362310
362799
362802
362805
362808
362811
362814
362817
362820
362823
362826
362829
362832
362835
362838
362841
362853
362856
362859
362871
362874
362877
362880
362883
362886
362889
362892
362895
362898
362901
362904
362907
362910
362913
362916
362919
362922
362934
362937
362940
362952
362955
362958
362961
362964
362967
362970
362973
362976
362979
362982
362985
362988
362991
362994
362997
363000
363003
363015
363018
363021
363033
363036
363039
363042
363045
363048
363051
363054
363057
363069
363071
363072
363074
363075
363077
363078
363079
363080
363081
363082
363083
363084
363085
363086
363087
363088
363090
363091
363093
363094
363105
363108
363111
363114
363117
363120
363123
363126
363129
363132
363135
363138
363150
363152
363153
363155
363156
363158
363159
363160
363161
363162
363163
363164
363165
363166
363167
363168
363169
363171
363172
363174
363175
363186
363189
363192
363195
363198
363201
363204
363207
363210
363213
363216
363219
363231
363233
363234
363236
363237
363239
363240
363241
363242
363243
363244
363245
363246
363247
363248
363249
363250
363252
363253
363255
363256
363267
363270
363273
363276
363279
363282
363528
363531
363534
363537
363540
363543
363555
363557
363558
363560
363561
363563
363564
363565
363566
363567
363568
363569
363570
363571
363572
363573
363574
363576
363577
363579
363580
363591
363594
363597
363600
363603
363606
363609
363612
363615
363618
363621
363624
363636
363638
363639
363641
363642
363644
363645
363646
363647
363648
363649
363650
363651
363652
363653
363654
363655
363657
363658
363660
363661
363672
363675
363678
363681
363684
363687
363690
363693
363696
363699
363702
363705
363717
363719
363720
363722
363723
363725
363726
363727
363728
363729
363730
363731
363732
363733
363734
363735
363736
363738
363739
363741
363742
363753
363756
363759
363762
363765
363768
364257
364260
364263
364266
364269
364272
364284
364287
364290
364293
364296
364299
364302
364305
364308
364320
364323
364326
364329
364332
364335
364338
364341
364344
364347
364350
364353
364365
364368
364371
364374
364377
364380
364383
364386
364389
364401
364404
364407
364410
364413
364416
364419
364422
364425
364428
364431
364434
364446
364449
364452
364455
364458
364461
364464
364467
364470
364482
364485
364488
364491
364494
364497
364986
364989
364992
364995
364998
365001
365013
365016
365019
365022
365025
365028
365031
365034
365037
365049
365052
365055
365058
365061
365064
365067
365070
365073
365076
365079
365082
365094
365097
365100
365103
365106
365109
365112
365115
365118
365130
365133
365136
365139
365142
365145
365148
365151
365154
365157
365160
365163
365175
365178
365181
365184
365187
365190
365193
365196
365199
365211
365214
365217
365220
365223
365226
365229
365232
365235
365247
365250
365253
365265
365268
365271
365274
365277
365280
365283
365284
365286
365287
365289
365290
365292
365294
365295
365297
365298
365300
365301
365302
365303
365304
365305
365306
365307
365308
365309
365310
365313
365316
365328
365331
365334
365346
365349
365352
365355
365358
365361
365364
365365
365367
365368
365370
365371
365373
365375
365376
365378
365379
365381
365382
365383
365384
365385
365386
365387
365388
365389
365390
365391
365394
365397
365409
365412
365415
365427
365430
365433
365436
365439
365442
365445
365446
365448
365449
365451
365452
365454
365456
365457
365459
365460
365462
365463
365464
365465
365466
365467
365468
365469
365470
365471
365715
365718
365721
365733
365736
365739
365751
365754
365757
365760
365763
365766
365769
365770
365772
365773
365775
365776
365778
365780
365781
365783
365784
365786
365787
365788
365789
365790
365791
365792
365793
365794
365795
365796
365799
365802
365814
365817
365820
365832
365835
365838
365841
365844
365847
365850
365851
365853
365854
365856
365857
365859
365861
365862
365864
365865
365867
365868
365869
365870
365871
365872
365873
365874
365875
365876
365877
365880
365883
365895
365898
365901
365913
365916
365919
365922
365925
365928
365931
365932
365934
365935
365937
365938
365940
365942
365943
365945
365946
365948
365949
365950
365951
365952
365953
365954
365955
365956
365957
366444
366447
366450
366462
366465
366468
366480
366483
366486
366489
366492
366495
366498
366501
366504
366507
366510
366513
366516
366519
366522
366525
366528
366531
366543
366546
366549
366561
366564
366567
366570
366573
366576
366579
366582
366585
366588
366591
366594
366597
366600
366603
366606
366609
366612
366624
366627
366630
366642
366645
366648
366651
366654
366657
366660
366663
366666
366669
366672
366675
366678
366681
366684
367173
367176
367179
367191
367194
367197
367209
367212
367215
367218
367221
367224
367227
367230
367233
367236
367239
367242
367245
367248
367251
367254
367257
367260
367272
367275
367278
367290
367293
367296
367299
367302
367305
367308
367311
367314
367317
367320
367323
367326
367329
367332
367335
367338
367341
367353
367356
367359
367371
367374
367377
367380
367383
367386
367389
367392
367395
367398
367401
367404
367407
367410
367413
367416
367417
367418
367419
367420
367421
367422
367423
367424
367425
367426
367428
367429
367431
367432
367434
367436
367437
367439
367440
367442
367443
367446
367449
367452
367455
367458
367470
367473
367476
367488
367491
367494
367497
367498
367499
367500
367501
367502
367503
367504
367505
367506
367507
367509
367510
367512
367513
367515
367517
367518
367520
367521
367523
367524
367527
367530
367533
367536
367539
367551
367554
367557
367569
367572
367575
367578
367579
367580
367581
367582
367583
367584
367585
367586
367587
367588
367590
367591
367593
367594
367596
367598
367599
367601
367602
367604
367605
367608
367611
367614
367617
367620
367632
367635
367638
367650
367653
367656
367659
367660
367661
367662
367663
367664
367665
367666
367667
367668
367669
367671
367672
367674
367675
367677
367679
367680
367682
367683
367685
367686
367689
367692
367695
367698
367701
367713
367716
367719
367731
367734
367737
367740
367741
367742
367743
367744
367745
367746
367747
367748
367749
367750
367752
367753
367755
367756
367758
367760
367761
367763
367764
367766
367767
367770
367773
367776
367779
367782
367794
367797
367800
367812
367815
367818
367821
367822
367823
367824
367825
367826
367827
367828
367829
367830
367831
367833
367834
367836
367837
367839
367841
367842
367844
367845
367847
367848
367851
367854
367857
367860
367863
367875
367878
367881
367893
367896
367899
368388
368391
368394
368397
368400
368403
368406
368409
368412
368415
368418
368421
368424
368427
368430
368442
368445
368448
368460
368463
368466
368469
368472
368475
368478
368481
368484
368487
368490
368493
368496
368499
368502
368505
368508
368511
368523
368526
368529
368541
368544
368547
368550
368553
368556
368559
368562
368565
368568
368571
368574
368577
368580
368583
368586
368589
368592
368604
368607
368610
368622
368625
368628
369117
369120
369123
369126
369129
369132
369135
369138
369141
369144
369147
369150
369153
369156
369159
369171
369174
369177
369189
369192
369195
369198
369201
369204
369207
369210
369213
369216
369219
369222
369225
369228
369231
369234
369237
369240
369252
369255
369258
369270
369273
369276
369279
369282
369285
369288
369291
369294
369297
369300
369303
369306
369309
369312
369315
369318
369321
369333
369336
369339
369351
369354
369357
369603
369606
369609
369612
369615
369618
369630
369632
369633
369635
369636
369638
369639
369640
369641
369642
369643
369644
369645
369646
369647
369648
369649
369651
369652
369654
369655
369666
369669
369672
369675
369678
369681
369684
369687
369690
369693
369696
369699
369711
369713
369714
369716
369717
369719
369720
369721
369722
369723
369724
369725
369726
369727
369728
369729
369730
369732
369733
369735
369736
369747
369750
369753
369756
369759
369762
369765
369768
369771
369774
369777
369780
369792
369794
369795
369797
369798
369800
369801
369802
369803
369804
369805
369806
369807
369808
369809
369810
369811
369813
369814
369816
369817
369828
369831
369834
369837
369840
369843
369846
369849
369852
369855
369858
369861
369873
369875
369876
369878
369879
369881
369882
369883
369884
369885
369886
369887
369888
369889
369890
369891
369892
369894
369895
369897
369898
369909
369912
369915
369918
369921
369924
369927
369930
369933
369936
369939
369942
369954
369956
369957
369959
369960
369962
369963
369964
369965
369966
369967
369968
369969
369970
369971
369972
369973
369975
369976
369978
369979
369990
369993
369996
369999
370002
370005
370008
370011
370014
370017
370020
370023
370035
370037
370038
370040
370041
370043
370044
370045
370046
370047
370048
370049
370050
370051
370052
370053
370054
370056
370057
370059
370060
370071
370074
370077
370080
370083
370086
370575
370578
370581
370584
370587
370590
370602
370605
370608
370611
370614
370617
370620
370623
370626
370638
370641
370644
370647
370650
370653
370656
370659
370662
370665
370668
370671
370683
370686
370689
370692
370695
370698
370701
370704
370707
370719
370722
370725
370728
370731
370734
370737
370740
370743
370746
370749
370752
370764
370767
370770
370773
370776
370779
370782
370785
370788
370800
370803
370806
370809
370812
370815
371304
371307
371310
371313
371316
371319
371331
371334
371337
371340
371343
371346
371349
371352
371355
371367
371370
371373
371376
371379
371382
371385
371388
371391
371394
371397
371400
371412
371415
371418
371421
371424
371427
371430
371433
371436
371448
371451
371454
371457
371460
371463
371466
371469
371472
371475
371478
371481
371493
371496
371499
371502
371505
371508
371511
371514
371517
371529
371532
371535
371538
371541
371544
371790
371793
371796
371808
371811
371814
371826
371829
371832
371835
371838
371841
371844
371845
371847
371848
371850
371851
371853
371855
371856
371858
371859
371861
371862
371863
371864
371865
371866
371867
371868
371869
371870
371871
371874
371877
371889
371892
371895
371907
371910
371913
371916
371919
371922
371925
371926
371928
371929
371931
371932
371934
371936
371937
371939
371940
371942
371943
371944
371945
371946
371947
371948
371949
371950
371951
371952
371955
371958
371970
371973
371976
371988
371991
371994
371997
372000
372003
372006
372007
372009
372010
372012
372013
372015
372017
372018
372020
372021
372023
372024
372025
372026
372027
372028
372029
372030
372031
372032
372033
372036
372039
372051
372054
372057
372069
372072
372075
372078
372081
372084
372087
372088
372090
372091
372093
372094
372096
372098
372099
372101
372102
372104
372105
372106
372107
372108
372109
372110
372111
372112
372113
372114
372117
372120
372132
372135
372138
372150
372153
372156
372159
372162
372165
372168
372169
372171
372172
372174
372175
372177
372179
372180
372182
372183
372185
372186
372187
372188
372189
372190
372191
372192
372193
372194
372195
372198
372201
372213
372216
372219
372231
372234
372237
372240
372243
372246
372249
372250
372252
372253
372255
372256
372258
372260
372261
372263
372264
372266
372267
372268
372269
372270
372271
372272
372273
372274
372275
372762
372765
372768
372780
372783
372786
372798
372801
372804
372807
372810
372813
372816
372819
372822
372825
372828
372831
372834
372837
372840
372843
372846
372849
372861
372864
372867
372879
372882
372885
372888
372891
372894
372897
372900
372903
372906
372909
372912
372915
372918
372921
372924
372927
372930
372942
372945
372948
372960
372963
372966
372969
372972
372975
372978
372981
372984
372987
372990
372993
372996
372999
373002
373491
373494
373497
373509
373512
373515
373527
373530
373533
373536
373539
373542
373545
373548
373551
373554
373557
373560
373563
373566
373569
373572
373575
373578
373590
373593
373596
373608
373611
373614
373617
373620
373623
373626
373629
373632
373635
373638
373641
373644
373647
373650
373653
373656
373659
373671
373674
373677
373689
373692
373695
373698
373701
373704
373707
373710
373713
373716
373719
373722
373725
373728
373731
373977
373978
373979
373980
373981
373982
373983
373984
373985
373986
373987
373989
373990
373992
373993
373995
373997
373998
374000
374001
374003
374004
374007
374010
374013
374016
374019
374031
374034
374037
374049
374052
374055
374058
374059
374060
374061
374062
374063
374064
374065
374066
374067
374068
374070
374071
374073
374074
374076
374078
374079
374081
374082
374084
374085
374088
374091
374094
374097
374100
374112
374115
374118
374130
374133
374136
374139
374140
374141
374142
374143
374144
374145
374146
374147
374148
374149
374151
374152
374154
374155
374157
374159
374160
374162
374163
374165
374166
374169
374172
374175
374178
374181
374193
374196
374199
374211
374214
374217
374706
374709
374712
374715
374718
374721
374724
374727
374730
374733
374736
374739
374742
374745
374748
374760
374763
374766
374778
374781
374784
374787
374790
374793
374796
374799
374802
374805
374808
374811
374814
374817
374820
374823
374826
374829
374841
374844
374847
374859
374862
374865
374868
374871
374874
374877
374880
374883
374886
374889
374892
374895
374898
374901
374904
374907
374910
374922
374925
374928
374940
374943
374946
375435
375438
375441
375444
375447
375450
375453
375456
375459
375462
375465
375468
375471
375474
375477
375489
375492
375495
375507
375510
375513
375516
375519
375522
375525
375528
375531
375534
375537
375540
375543
375546
375549
375552
375555
375558
375570
375573
375576
375588
375591
375594
375597
375600
375603
375606
375609
375612
375615
375618
375621
375624
375627
375630
375633
375636
375639
375651
375654
375657
375669
375672
375675
376164
376167
376170
376173
376176
376179
376191
376193
376194
376196
376197
376199
376200
376201
376202
376203
376204
376205
376206
376207
376208
376209
376210
376212
376213
376215
376216
376227
376230
376233
376236
376239
376242
376245
376248
376251
376254
376257
376260
376272
376274
376275
376277
376278
376280
376281
376282
376283
376284
376285
376286
376287
376288
376289
376290
376291
376293
376294
376296
376297
376308
376311
376314
376317
376320
376323
376326
376329
376332
376335
376338
376341
376353
376355
376356
376358
376359
376361
376362
376363
376364
376365
376366
376367
376368
376369
376370
376371
376372
376374
376375
376377
376378
376389
376392
376395
376398
376401
376404
376893
376896
376899
376902
376905
376908
376920
376923
376926
376929
376932
376935
376938
376941
376944
376956
376959
376962
376965
376968
376971
376974
376977
376980
376983
376986
376989
377001
377004
377007
377010
377013
377016
377019
377022
377025
377037
377040
377043
377046
377049
377052
377055
377058
377061
377064
377067
377070
377082
377085
377088
377091
377094
377097
377100
377103
377106
377118
377121
377124
377127
377130
377133
377622
377625
377628
377631
377634
377637
377649
377652
377655
377658
377661
377664
377667
377670
377673
377685
377688
377691
377694
377697
377700
377703
377706
377709
377712
377715
377718
377730
377733
377736
377739
377742
377745
377748
377751
377754
377766
377769
377772
377775
377778
377781
377784
377787
377790
377793
377796
377799
377811
377814
377817
377820
377823
377826
377829
377832
377835
377847
377850
377853
377856
377859
377862
378351
378354
378357
378369
378372
378375
378387
378390
378393
378396
378399
378402
378405
378406
378408
378409
378411
378412
378414
378416
378417
378419
378420
378422
378423
378424
378425
378426
378427
378428
378429
378430
378431
378432
378435
378438
378450
378453
378456
378468
378471
378474
378477
378480
378483
378486
378487
378489
378490
378492
378493
378495
378497
378498
378500
378501
378503
378504
378505
378506
378507
378508
378509
378510
378511
378512
378513
378516
378519
378531
378534
378537
378549
378552
378555
378558
378561
378564
378567
378568
378570
378571
378573
378574
378576
378578
378579
378581
378582
378584
378585
378586
378587
378588
378589
378590
378591
378592
378593
379080
379083
379086
379098
379101
379104
379116
379119
379122
379125
379128
379131
379134
379137
379140
379143
379146
379149
379152
379155
379158
379161
379164
379167
379179
379182
379185
379197
379200
379203
379206
379209
379212
379215
379218
379221
379224
379227
379230
379233
379236
379239
379242
379245
379248
379260
379263
379266
379278
379281
379284
379287
379290
379293
379296
379299
379302
379305
379308
379311
379314
379317
379320
379809
379812
379815
379827
379830
379833
379845
379848
379851
379854
379857
379860
379863
379866
379869
379872
379875
379878
379881
379884
379887
379890
379893
379896
379908
379911
379914
379926
379929
379932
379935
379938
379941
379944
379947
379950
379953
379956
379959
379962
379965
379968
379971
379974
379977
379989
379992
379995
380007
380010
380013
380016
380019
380022
380025
380028
380031
380034
380037
380040
380043
380046
380049
381024
381025
381026
381027
381028
381029
381030
381031
381032
381033
381034
381036
381037
381039
381040
381042
381044
381045
381047
381048
381050
381051
381054
381057
381060
381063
381066
381078
381081
381084
381096
381099
381102
381105
381106
381107
381108
381109
381110
381111
381112
381113
381114
381115
381117
381118
381120
381121
381123
381125
381126
381128
381129
381131
381132
381135
381138
381141
381144
381147
381159
381162
381165
381177
381180
381183
381186
381187
381188
381189
381190
381191
381192
381193
381194
381195
381196
381198
381199
381201
381202
381204
381206
381207
381209
381210
381212
381213
381216
381219
381222
381225
381228
381240
381243
381246
381258
381261
381264
381753
381756
381759
381762
381765
381768
381771
381774
381777
381780
381783
381786
381789
381792
381795
381807
381810
381813
381825
381828
381831
381834
381837
381840
381843
381846
381849
381852
381855
381858
381861
381864
381867
381870
381873
381876
381888
381891
381894
381906
381909
381912
381915
381918
381921
381924
381927
381930
381933
381936
381939
381942
381945
381948
381951
381954
381957
381969
381972
381975
381987
381990
381993
382482
382485
382488
382491
382494
382497
382500
382503
382506
382509
382512
382515
382518
382521
382524
382536
382539
382542
382554
382557
382560
382563
382566
382569
382572
382575
382578
382581
382584
382587
382590
382593
382596
382599
382602
382605
382617
382620
382623
382635
382638
382641
382644
382647
382650
382653
382656
382659
382662
382665
382668
382671
382674
382677
382680
382683
382686
382698
382701
382704
382716
382719
382722
383211
383214
383217
383220
383223
383226
383238
383240
383241
383243
383244
383246
383247
383248
383249
383250
383251
383252
383253
383254
383255
383256
383257
383259
383260
383262
383263
383274
383277
383280
383283
383286
383289
383292
383295
383298
383301
383304
383307
383319
383321
383322
383324
383325
383327
383328
383329
383330
383331
383332
383333
383334
383335
383336
383337
383338
383340
383341
383343
383344
383355
383358
383361
383364
383367
383370
383373
383376
383379
383382
383385
383388
383400
383402
383403
383405
383406
383408
383409
383410
383411
383412
383413
383414
383415
383416
383417
383418
383419
383421
383422
383424
383425
383436
383439
383442
383445
383448
383451
383940
383943
383946
383949
383952
383955
383967
383970
383973
383976
383979
383982
383985
383988
383991
384003
384006
384009
384012
384015
384018
384021
384024
384027
384030
384033
384036
384048
384051
384054
384057
384060
384063
384066
384069
384072
384084
384087
384090
384093
384096
384099
384102
384105
384108
384111
384114
384117
384129
384132
384135
384138
384141
384144
384147
384150
384153
384165
384168
384171
384174
384177
384180
384669
384672
384675
384678
384681
384684
384696
384699
384702
384705
384708
384711
384714
384717
384720
384732
384735
384738
384741
384744
384747
384750
384753
384756
384759
384762
384765
384777
384780
384783
384786
384789
384792
384795
384798
384801
384813
384816
384819
384822
384825
384828
384831
384834
384837
384840
384843
384846
384858
384861
384864
384867
384870
384873
384876
384879
384882
384894
384897
384900
384903
384906
384909
385398
385401
385404
385416
385419
385422
385434
385437
385440
385443
385446
385449
385452
385453
385455
385456
385458
385459
385461
385463
385464
385466
385467
385469
385470
385471
385472
385473
385474
385475
385476
385477
385478
385479
385482
385485
385497
385500
385503
385515
385518
385521
385524
385527
385530
385533
385534
385536
385537
385539
385540
385542
385544
385545
385547
385548
385550
385551
385552
385553
385554
385555
385556
385557
385558
385559
385560
385563
385566
385578
385581
385584
385596
385599
385602
385605
385608
385611
385614
385615
385617
385618
385620
385621
385623
385625
385626
385628
385629
385631
385632
385633
385634
385635
385636
385637
385638
385639
385640
386127
386130
386133
386145
386148
386151
386163
386166
386169
386172
386175
386178
386181
386184
386187
386190
386193
386196
386199
386202
386205
386208
386211
386214
386226
386229
386232
386244
386247
386250
386253
386256
386259
386262
386265
386268
386271
386274
386277
386280
386283
386286
386289
386292
386295
386307
386310
386313
386325
386328
386331
386334
386337
386340
386343
386346
386349
386352
386355
386358
386361
386364
386367
386856
386859
386862
386874
386877
386880
386892
386895
386898
386901
386904
386907
386910
386913
386916
386919
386922
386925
386928
386931
386934
386937
386940
386943
386955
386958
386961
386973
386976
386979
386982
386985
386988
386991
386994
386997
387000
387003
387006
387009
387012
387015
387018
387021
387024
387036
387039
387042
387054
387057
387060
387063
387066
387069
387072
387075
387078
387081
387084
387087
387090
387093
387096
393660
393661
393662
393663
393664
393665
393666
393667
393668
393669
393670
393672
393673
393675
393676
393678
393680
393681
393683
393684
393686
393687
393690
393693
393696
393699
393702
393714
393717
393720
393732
393735
393738
393741
393742
393743
393744
393745
393746
393747
393748
393749
393750
393751
393753
393754
393756
393757
393759
393761
393762
393764
393765
393767
393768
393771
393774
393777
393780
393783
393795
393798
393801
393813
393816
393819
393822
393823
393824
393825
393826
393827
393828
393829
393830
393831
393832
393834
393835
393837
393838
393840
393842
393843
393845
393846
393848
393849
393852
393855
393858
393861
393864
393876
393879
393882
393894
393897
393900
394389
394392
394395
394398
394401
394404
394407
394410
394413
394416
394419
394422
394425
394428
394431
394443
394446
394449
394461
394464
394467
394470
394473
394476
394479
394482
394485
394488
394491
394494
394497
394500
394503
394506
394509
394512
394524
394527
394530
394542
394545
394548
394551
394554
394557
394560
394563
394566
394569
394572
394575
394578
394581
394584
394587
394590
394593
394605
394608
394611
394623
394626
394629
395118
395121
395124
395127
395130
395133
395136
395139
395142
395145
395148
395151
395154
395157
395160
395172
395175
395178
395190
395193
395196
395199
395202
395205
395208
395211
395214
395217
395220
395223
395226
395229
395232
395235
395238
395241
395253
395256
395259
395271
395274
395277
395280
395283
395286
395289
395292
395295
395298
395301
395304
395307
395310
395313
395316
395319
395322
395334
395337
395340
395352
395355
395358
395847
395850
395853
395856
395859
395862
395874
395876
395877
395879
395880
395882
395883
395884
395885
395886
395887
395888
395889
395890
395891
395892
395893
395895
395896
395898
395899
395910
395913
395916
395919
395922
395925
395928
395931
395934
395937
395940
395943
395955
395957
395958
395960
395961
395963
395964
395965
395966
395967
395968
395969
395970
395971
395972
395973
395974
395976
395977
395979
395980
395991
395994
395997
396000
396003
396006
396009
396012
396015
396018
396021
396024
396036
396038
396039
396041
396042
396044
396045
396046
396047
396048
396049
396050
396051
396052
396053
396054
396055
396057
396058
396060
396061
396072
396075
396078
396081
396084
396087
396576
396579
396582
396585
396588
396591
396603
396606
396609
396612
396615
396618
396621
396624
396627
396639
396642
396645
396648
396651
396654
396657
396660
396663
396666
396669
396672
396684
396687
396690
396693
396696
396699
396702
396705
396708
396720
396723
396726
396729
396732
396735
396738
396741
396744
396747
396750
396753
396765
396768
396771
396774
396777
396780
396783
396786
396789
396801
396804
396807
396810
396813
396816
397305
397308
397311
397314
397317
397320
397332
397335
397338
397341
397344
397347
397350
397353
397356
397368
397371
397374
397377
397380
397383
397386
397389
397392
397395
397398
397401
397413
397416
397419
397422
397425
397428
397431
397434
397437
397449
397452
397455
397458
397461
397464
397467
397470
397473
397476
397479
397482
397494
397497
397500
397503
397506
397509
397512
397515
397518
397530
397533
397536
397539
397542
397545
398034
398037
398040
398052
398055
398058
398070
398073
398076
398079
398082
398085
398088
398089
398091
398092
398094
398095
398097
398099
398100
398102
398103
398105
398106
398107
398108
398109
398110
398111
398112
398113
398114
398115
398118
398121
398133
398136
398139
398151
398154
398157
398160
398163
398166
398169
398170
398172
398173
398175
398176
398178
398180
398181
398183
398184
398186
398187
398188
398189
398190
398191
398192
398193
398194
398195
398196
398199
398202
398214
398217
398220
398232
398235
398238
398241
398244
398247
398250
398251
398253
398254
398256
398257
398259
398261
398262
398264
398265
398267
398268
398269
398270
398271
398272
398273
398274
398275
398276
398763
398766
398769
398781
398784
398787
398799
398802
398805
398808
398811
398814
398817
398820
398823
398826
398829
398832
398835
398838
398841
398844
398847
398850
398862
398865
398868
398880
398883
398886
398889
398892
398895
398898
398901
398904
398907
398910
398913
398916
398919
398922
398925
398928
398931
398943
398946
398949
398961
398964
398967
398970
398973
398976
398979
398982
398985
398988
398991
398994
398997
399000
399003
399492
399495
399498
399510
399513
399516
399528
399531
399534
399537
399540
399543
399546
399549
399552
399555
399558
399561
399564
399567
399570
399573
399576
399579
399591
399594
399597
399609
399612
399615
399618
399621
399624
399627
399630
399633
399636
399639
399642
399645
399648
399651
399654
399657
399660
399672
399675
399678
399690
399693
399696
399699
399702
399705
399708
399711
399714
399717
399720
399723
399726
399729
399732
407025
407026
407027
407028
407029
407030
407031
407032
407033
407034
407035
407037
407038
407040
407041
407043
407045
407046
407048
407049
407051
407052
407055
407058
407061
407064
407067
407079
407082
407085
407097
407100
407103
407106
407107
407108
407109
407110
407111
407112
407113
407114
407115
407116
407118
407119
407121
407122
407124
407126
407127
407129
407130
407132
407133
407136
407139
407142
407145
407148
407160
407163
407166
407178
407181
407184
407187
407188
407189
407190
407191
407192
407193
407194
407195
407196
407197
407199
407200
407202
407203
407205
407207
407208
407210
407211
407213
407214
407217
407220
407223
407226
407229
407241
407244
407247
407259
407262
407265
407754
407757
407760
407763
407766
407769
407772
407775
407778
407781
407784
407787
407790
407793
407796
407808
407811
407814
407826
407829
407832
407835
407838
407841
407844
407847
407850
407853
407856
407859
407862
407865
407868
407871
407874
407877
407889
407892
407895
407907
407910
407913
407916
407919
407922
407925
407928
407931
407934
407937
407940
407943
407946
407949
407952
407955
407958
407970
407973
407976
407988
407991
407994
408483
408486
408489
408492
408495
408498
408501
408504
408507
408510
408513
408516
408519
408522
408525
408537
408540
408543
408555
408558
408561
408564
408567
408570
408573
408576
408579
408582
408585
408588
408591
408594
408597
408600
408603
408606
408618
408621
408624
408636
408639
408642
408645
408648
408651
408654
408657
408660
408663
408666
408669
408672
408675
408678
408681
408684
408687
408699
408702
408705
408717
408720
408723
409212
409215
409218
409221
409224
409227
409239
409241
409242
409244
409245
409247
409248
409249
409250
409251
409252
409253
409254
409255
409256
409257
409258
409260
409261
409263
409264
409275
409278
409281
409284
409287
409290
409293
409296
409299
409302
409305
409308
409320
409322
409323
409325
409326
409328
409329
409330
409331
409332
409333
409334
409335
409336
409337
409338
409339
409341
409342
409344
409345
409356
409359
409362
409365
409368
409371
409374
409377
409380
409383
409386
409389
409401
409403
409404
409406
409407
409409
409410
409411
409412
409413
409414
409415
409416
409417
409418
409419
409420
409422
409423
409425
409426
409437
409440
409443
409446
409449
409452
409941
409944
409947
409950
409953
409956
409968
409971
409974
409977
409980
409983
409986
409989
409992
410004
410007
410010
410013
410016
410019
410022
410025
410028
410031
410034
410037
410049
410052
410055
410058
410061
410064
410067
410070
410073
410085
410088
410091
410094
410097
410100
410103
410106
410109
410112
410115
410118
410130
410133
410136
410139
410142
410145
410148
410151
410154
410166
410169
410172
410175
410178
410181
410670
410673
410676
410679
410682
410685
410697
410700
410703
410706
410709
410712
410715
410718
410721
410733
410736
410739
410742
410745
410748
410751
410754
410757
410760
410763
410766
410778
410781
410784
410787
410790
410793
410796
410799
410802
410814
410817
410820
410823
410826
410829
410832
410835
410838
410841
410844
410847
410859
410862
410865
410868
410871
410874
410877
410880
410883
410895
410898
410901
410904
410907
410910
411399
411402
411405
411417
411420
411423
411435
411438
411441
411444
411447
411450
411453
411454
411456
411457
411459
411460
411462
411464
411465
411467
411468
411470
411471
411472
411473
411474
411475
411476
411477
411478
411479
411480
411483
411486
411498
411501
411504
411516
411519
411522
411525
411528
411531
411534
411535
411537
411538
411540
411541
411543
411545
411546
411548
411549
411551
411552
411553
411554
411555
411556
411557
411558
411559
411560
411561
411564
411567
411579
411582
411585
411597
411600
411603
411606
411609
411612
411615
411616
411618
411619
411621
411622
411624
411626
411627
411629
411630
411632
411633
411634
411635
411636
411637
411638
411639
411640
411641
412128
412131
412134
412146
412149
412152
412164
412167
412170
412173
412176
412179
412182
412185
412188
412191
412194
412197
412200
412203
412206
412209
412212
412215
412227
412230
412233
412245
412248
412251
412254
412257
412260
412263
412266
412269
412272
412275
412278
412281
412284
412287
412290
412293
412296
412308
412311
412314
412326
412329
412332
412335
412338
412341
412344
412347
412350
412353
412356
412359
412362
412365
412368
412857
412860
412863
412875
412878
412881
412893
412896
412899
412902
412905
412908
412911
412914
412917
412920
412923
412926
412929
412932
412935
412938
412941
412944
412956
412959
412962
412974
412977
412980
412983
412986
412989
412992
412995
412998
413001
413004
413007
413010
413013
413016
413019
413022
413025
413037
413040
413043
413055
413058
413061
413064
413067
413070
413073
413076
413079
413082
413085
413088
413091
413094
413097
531441
531442
531443
531444
531445
531446
531447
531448
531449
531450
531451
531453
531454
531456
531457
531459
531461
531462
531464
531465
531467
531468
531471
531474
531477
531480
531483
531495
531498
531501
531513
531516
531519
531522
531523
531524
531525
531526
531527
531528
531529
531530
531531
531532
531534
531535
531537
531538
531540
531542
531543
531545
531546
531548
531549
531552
531555
531558
531561
531564
531576
531579
531582
531594
531597
531600
531603
531604
531605
531606
531607
531608
531609
531610
531611
531612
531613
531615
531616
531618
531619
531621
531623
531624
531626
531627
531629
531630
531633
531636
531639
531642
531645
531657
531660
531663
531675
531678
531681
531684
531685
531686
531687
531688
531689
531690
531691
531692
531693
531694
531696
531697
531699
531700
531702
531704
531705
531707
531708
531710
531711
531714
531717
531720
531723
531726
531738
531741
531744
531756
531759
531762
531765
531766
531767
531768
531769
531770
531771
531772
531773
531774
531775
531777
531778
531780
531781
531783
531785
531786
531788
531789
531791
531792
531795
531798
531801
531804
531807
531819
531822
531825
531837
531840
531843
531846
531847
531848
531849
531850
531851
531852
531853
531854
531855
531856
531858
531859
531861
531862
531864
531866
531867
531869
531870
531872
531873
531876
531879
531882
531885
531888
531900
531903
531906
531918
531921
531924
531927
531928
531929
531930
531931
531932
531933
531934
531935
531936
531937
531939
531940
531942
531943
531945
531947
531948
531950
531951
531953
531954
531957
531960
531963
531966
531969
531981
531984
531987
531999
532002
532005
532008
532009
532010
532011
532012
532013
532014
532015
532016
532017
532018
532020
532021
532023
532024
532026
532028
532029
532031
532032
532034
532035
532038
532041
532044
532047
532050
532062
532065
532068
532080
532083
532086
532089
532090
532091
532092
532093
532094
532095
532096
532097
532098
532099
532101
532102
532104
532105
532107
532109
532110
532112
532113
532115
532116
532119
532122
532125
532128
532131
532143
532146
532149
532161
532164
532167
532170
532173
532176
532179
532182
532185
532188
532191
532194
532197
532200
532203
532206
532209
532212
532224
532227
532230
532242
532245
532248
532251
532254
532257
532260
532263
532266
532269
532272
532275
532278
532281
532284
532287
532290
532293
532305
532308
532311
532323
532326
532329
532332
532335
532338
532341
532344
532347
532350
532353
532356
532359
532362
532365
532368
532371
532374
532386
532389
532392
532404
532407
532410
532899
532902
532905
532908
532911
532914
532917
532920
532923
532926
532929
532932
532935
532938
532941
532953
532956
532959
532971
532974
532977
532980
532983
532986
532989
532992
532995
532998
533001
533004
533007
533010
533013
533016
533019
533022
533034
533037
533040
533052
533055
533058
533061
533064
533067
533070
533073
533076
533079
533082
533085
533088
533091
533094
533097
533100
533103
533115
533118
533121
533133
533136
533139
533628
533631
533634
533637
533640
533643
533655
533657
533658
533660
533661
533663
533664
533665
533666
533667
533668
533669
533670
533671
533672
533673
533674
533676
533677
533679
533680
533691
533694
533697
533700
533703
533706
533709
533712
533715
533718
533721
533724
533736
533738
533739
533741
533742
533744
533745
533746
533747
533748
533749
533750
533751
533752
533753
533754
533755
533757
533758
533760
533761
533772
533775
533778
533781
533784
533787
533790
533793
533796
533799
533802
533805
533817
533819
533820
533822
533823
533825
533826
533827
533828
533829
533830
533831
533832
533833
533834
533835
533836
533838
533839
533841
533842
533853
533856
533859
533862
533865
533868
533871
533874
533877
533880
533883
533886
533898
533900
533901
533903
533904
533906
533907
533908
533909
533910
533911
533912
533913
533914
533915
533916
533917
533919
533920
533922
533923
533934
533937
533940
533943
533946
533949
533952
533955
533958
533961
533964
533967
533979
533981
533982
533984
533985
533987
533988
533989
533990
533991
533992
533993
533994
533995
533996
533997
533998
534000
534001
534003
534004
534015
534018
534021
534024
534027
534030
534033
534036
534039
534042
534045
534048
534060
534062
534063
534065
534066
534068
534069
534070
534071
534072
534073
534074
534075
534076
534077
534078
534079
534081
534082
534084
534085
534096
534099
534102
534105
534108
534111
534114
534117
534120
534123
534126
534129
534141
534143
534144
534146
534147
534149
534150
534151
534152
534153
534154
534155
534156
534157
534158
534159
534160
534162
534163
534165
534166
534177
534180
534183
534186
534189
534192
534195
534198
534201
534204
534207
534210
534222
534224
534225
534227
534228
534230
534231
534232
534233
534234
534235
534236
534237
534238
534239
534240
534241
534243
534244
534246
534247
534258
534261
534264
534267
534270
534273
534276
534279
534282
534285
534288
534291
534303
534305
534306
534308
534309
534311
534312
534313
534314
534315
534316
534317
534318
534319
534320
534321
534322
534324
534325
534327
534328
534339
534342
534345
534348
534351
534354
534357
534360
534363
534366
534369
534372
534384
534387
534390
534393
534396
534399
534402
534405
534408
534420
534423
534426
534429
534432
534435
534438
534441
534444
534447
534450
534453
534465
534468
534471
534474
534477
534480
534483
534486
534489
534501
534504
534507
534510
534513
534516
534519
534522
534525
534528
534531
534534
534546
534549
534552
534555
534558
534561
534564
534567
534570
534582
534585
534588
534591
534594
534597
535086
535089
535092
535095
535098
535101
535113
535116
535119
535122
535125
535128
535131
535134
535137
535149
535152
535155
535158
535161
535164
535167
535170
535173
535176
535179
535182
535194
535197
535200
535203
535206
535209
535212
535215
535218
535230
535233
535236
535239
535242
535245
535248
535251
535254
535257
535260
535263
535275
535278
535281
535284
535287
535290
535293
535296
535299
535311
535314
535317
535320
535323
535326
535815
535818
535821
535833
535836
535839
535851
535854
535857
535860
535863
535866
535869
535870
535872
535873
535875
535876
535878
535880
535881
535883
535884
535886
535887
535888
535889
535890
535891
535892
535893
535894
535895
535896
535899
535902
535914
535917
535920
535932
535935
535938
535941
535944
535947
535950
535951
535953
535954
535956
535957
535959
535961
535962
535964
535965
535967
535968
535969
535970
535971
535972
535973
535974
535975
535976
535977
535980
535983
535995
535998
536001
536013
536016
536019
536022
536025
536028
536031
536032
536034
536035
536037
536038
536040
536042
536043
536045
536046
536048
536049
536050
536051
536052
536053
536054
536055
536056
536057
536058
536061
536064
536076
536079
536082
536094
536097
536100
536103
536106
536109
536112
536113
536115
536116
536118
536119
536121
536123
536124
536126
536127
536129
536130
536131
536132
536133
536134
536135
536136
536137
536138
536139
536142
536145
536157
536160
536163
536175
536178
536181
536184
536187
536190
536193
536194
536196
536197
536199
536200
536202
536204
536205
536207
536208
536210
536211
536212
536213
536214
536215
536216
536217
536218
536219
536220
536223
536226
536238
536241
536244
536256
536259
536262
536265
536268
536271
536274
536275
536277
536278
536280
536281
536283
536285
536286
536288
536289
536291
536292
536293
536294
536295
536296
536297
536298
536299
536300
536301
536304
536307
536319
536322
536325
536337
536340
536343
536346
536349
536352
536355
536356
536358
536359
536361
536362
536364
536366
536367
536369
536370
536372
536373
536374
536375
536376
536377
536378
536379
536380
536381
536382
536385
536388
536400
536403
536406
536418
536421
536424
536427
536430
536433
536436
536437
536439
536440
536442
536443
536445
536447
536448
536450
536451
536453
536454
536455
536456
536457
536458
536459
536460
536461
536462
536463
536466
536469
536481
536484
536487
536499
536502
536505
536508
536511
536514
536517
536518
536520
536521
536523
536524
536526
536528
536529
536531
536532
536534
536535
536536
536537
536538
536539
536540
536541
536542
536543
536544
536547
536550
536562
536565
536568
536580
536583
536586
536589
536592
536595
536598
536601
536604
536607
536610
536613
536616
536619
536622
536625
536628
536631
536643
536646
536649
536661
536664
536667
536670
536673
536676
536679
536682
536685
536688
536691
536694
536697
536700
536703
536706
536709
536712
536724
536727
536730
536742
536745
536748
536751
536754
536757
536760
536763
536766
536769
536772
536775
536778
536781
536784
537273
537276
537279
537291
537294
537297
537309
537312
537315
537318
537321
537324
537327
537330
537333
537336
537339
537342
537345
537348
537351
537354
537357
537360
537372
537375
537378
537390
537393
537396
537399
537402
537405
537408
537411
537414
537417
537420
537423
537426
537429
537432
537435
537438
537441
537453
537456
537459
537471
537474
537477
537480
537483
537486
537489
537492
537495
537498
537501
537504
537507
537510
537513
538002
538003
538004
538005
538006
538007
538008
538009
538010
538011
538012
538014
538015
538017
538018
538020
538022
538023
538025
538026
538028
538029
538032
538035
538038
538041
538044
538056
538059
538062
538074
538077
538080
538083
538084
538085
538086
538087
538088
538089
538090
538091
538092
538093
538095
538096
538098
538099
538101
538103
538104
538106
538107
538109
538110
538113
538116
538119
538122
538125
538137
538140
538143
538155
538158
538161
538164
538165
538166
538167
538168
538169
538170
538171
538172
538173
538174
538176
538177
538179
538180
538182
538184
538185
538187
538188
538190
538191
538194
538197
538200
538203
538206
538218
538221
538224
538236
538239
538242
538488
538489
538490
538491
538492
538493
538494
538495
538496
538497
538498
538500
538501
538503
538504
538506
538508
538509
538511
538512
538514
538515
538518
538521
538524
538527
538530
538542
538545
538548
538560
538563
538566
538569
538570
538571
538572
538573
538574
538575
538576
538577
538578
538579
538581
538582
538584
538585
538587
538589
538590
538592
538593
538595
538596
538599
538602
538605
538608
538611
538623
538626
538629
538641
538644
538647
538650
538651
538652
538653
538654
538655
538656
538657
538658
538659
538660
538662
538663
538665
538666
538668
538670
538671
538673
538674
538676
538677
538680
538683
538686
538689
538692
538704
538707
538710
538722
538725
538728
539217
539220
539223
539226
539229
539232
539235
539238
539241
539244
539247
539250
539253
539256
539259
539271
539274
539277
539289
539292
539295
539298
539301
539304
539307
539310
539313
539316
539319
539322
539325
539328
539331
539334
539337
539340
539352
539355
539358
539370
539373
539376
539379
539382
539385
539388
539391
539394
539397
539400
539403
539406
539409
539412
539415
539418
539421
539433
539436
539439
539451
539454
539457
539946
539949
539952
539955
539958
539961
539964
539967
539970
539973
539976
539979
539982
539985
539988
540000
540003
540006
540018
540021
540024
540027
540030
540033
540036
540039
540042
540045
540048
540051
540054
540057
540060
540063
540066
540069
540081
540084
540087
540099
540102
540105
540108
540111
540114
540117
540120
540123
540126
540129
540132
540135
540138
540141
540144
540147
540150
540162
540165
540168
540180
540183
540186
540189
540192
540195
540198
540201
540204
540216
540218
540219
540221
540222
540224
540225
540226
540227
540228
540229
540230
540231
540232
540233
540234
540235
540237
540238
540240
540241
540252
540255
540258
540261
540264
540267
540270
540273
540276
540279
540282
540285
540297
540299
540300
540302
540303
540305
540306
540307
540308
540309
540310
540311
540312
540313
540314
540315
540316
540318
540319
540321
540322
540333
540336
540339
540342
540345
540348
540351
540354
540357
540360
540363
540366
540378
540380
540381
540383
540384
540386
540387
540388
540389
540390
540391
540392
540393
540394
540395
540396
540397
540399
540400
540402
540403
540414
540417
540420
540423
540426
540429
540675
540678
540681
540684
540687
540690
540702
540704
540705
540707
540708
540710
540711
540712
540713
540714
540715
540716
540717
540718
540719
540720
540721
540723
540724
540726
540727
540738
540741
540744
540747
540750
540753
540756
540759
540762
540765
540768
540771
540783
540785
540786
540788
540789
540791
540792
540793
540794
540795
540796
540797
540798
540799
540800
540801
540802
540804
540805
540807
540808
540819
540822
540825
540828
540831
540834
540837
540840
540843
540846
540849
540852
540864
540866
540867
540869
540870
540872
540873
540874
540875
540876
540877
540878
540879
540880
540881
540882
540883
540885
540886
540888
540889
540900
540903
540906
540909
540912
540915
541404
541407
541410
541413
541416
541419
541431
541434
541437
541440
541443
541446
541449
541452
541455
541467
541470
541473
541476
541479
541482
541485
541488
541491
541494
541497
541500
541512
541515
541518
541521
541524
541527
541530
541533
541536
541548
541551
541554
541557
541560
541563
541566
541569
541572
541575
541578
541581
541593
541596
541599
541602
541605
541608
541611
541614
541617
541629
541632
541635
541638
541641
541644
542133
542136
542139
542142
542145
542148
542160
542163
542166
542169
542172
542175
542178
542181
542184
542196
542199
542202
542205
542208
542211
542214
542217
542220
542223
542226
542229
542241
542244
542247
542250
542253
542256
542259
542262
542265
542277
542280
542283
542286
542289
542292
542295
542298
542301
542304
542307
542310
542322
542325
542328
542331
542334
542337
542340
542343
542346
542358
542361
542364
542367
542370
542373
542376
542379
542382
542394
542397
542400
542412
542415
542418
542421
542424
542427
542430
542431
542433
542434
542436
542437
542439
542441
542442
542444
542445
542447
542448
542449
542450
542451
542452
542453
542454
542455
542456
542457
542460
542463
542475
542478
542481
542493
542496
542499
542502
542505
542508
542511
542512
542514
542515
542517
542518
542520
542522
542523
542525
542526
542528
542529
542530
542531
542532
542533
542534
542535
542536
542537
542538
542541
542544
542556
542559
542562
542574
542577
542580
542583
542586
542589
542592
542593
542595
542596
542598
542599
542601
542603
542604
542606
542607
542609
542610
542611
542612
542613
542614
542615
542616
542617
542618
542862
542865
542868
542880
542883
542886
542898
542901
542904
542907
542910
542913
542916
542917
542919
542920
542922
542923
542925
542927
542928
542930
542931
542933
542934
542935
542936
542937
542938
542939
542940
542941
542942
542943
542946
542949
542961
542964
542967
542979
542982
542985
542988
542991
542994
542997
542998
543000
543001
543003
543004
543006
543008
543009
543011
543012
543014
543015
543016
543017
543018
543019
543020
543021
543022
543023
543024
543027
543030
543042
543045
543048
543060
543063
543066
543069
543072
543075
543078
543079
543081
543082
543084
543085
543087
543089
543090
543092
543093
543095
543096
543097
543098
543099
543100
543101
543102
543103
543104
543591
543594
543597
543609
543612
543615
543627
543630
543633
543636
543639
543642
543645
543648
543651
543654
543657
543660
543663
543666
543669
543672
543675
543678
543690
543693
543696
543708
543711
543714
543717
543720
543723
543726
543729
543732
543735
543738
543741
543744
543747
543750
543753
543756
543759
543771
543774
543777
543789
543792
543795
543798
543801
543804
543807
543810
543813
543816
543819
543822
543825
543828
543831
544320
544323
544326
544338
544341
544344
544356
544359
544362
544365
544368
544371
544374
544377
544380
544383
544386
544389
544392
544395
544398
544401
544404
544407
544419
544422
544425
544437
544440
544443
544446
544449
544452
544455
544458
544461
544464
544467
544470
544473
544476
544479
544482
544485
544488
544500
544503
544506
544518
544521
544524
544527
544530
544533
544536
544539
544542
544545
544548
544551
544554
544557
544560
544563
544564
544565
544566
544567
544568
544569
544570
544571
544572
544573
544575
544576
544578
544579
544581
544583
544584
544586
544587
544589
544590
544593
544596
544599
544602
544605
544617
544620
544623
544635
544638
544641
544644
544645
544646
544647
544648
544649
544650
544651
544652
544653
544654
544656
544657
544659
544660
544662
544664
544665
544667
544668
544670
544671
544674
544677
544680
544683
544686
544698
544701
544704
544716
544719
544722
544725
544726
544727
544728
544729
544730
544731
544732
544733
544734
544735
544737
544738
544740
544741
544743
544745
544746
544748
544749
544751
544752
544755
544758
544761
544764
544767
544779
544782
544785
544797
544800
544803
544806
544807
544808
544809
544810
544811
544812
544813
544814
544815
544816
544818
544819
544821
544822
544824
544826
544827
544829
544830
544832
544833
544836
544839
544842
544845
544848
544860
544863
544866
544878
544881
544884
544887
544888
544889
544890
544891
544892
544893
544894
544895
544896
544897
544899
544900
544902
544903
544905
544907
544908
544910
544911
544913
544914
544917
544920
544923
544926
544929
544941
544944
544947
544959
544962
544965
544968
544969
544970
544971
544972
544973
544974
544975
544976
544977
544978
544980
544981
544983
544984
544986
544988
544989
544991
544992
544994
544995
544998
545001
545004
545007
545010
545022
545025
545028
545040
545043
545046
545535
545538
545541
545544
545547
545550
545553
545556
545559
545562
545565
545568
545571
545574
545577
545589
545592
545595
545607
545610
545613
545616
545619
545622
545625
545628
545631
545634
545637
545640
545643
545646
545649
545652
545655
545658
545670
545673
545676
545688
545691
545694
545697
545700
545703
545706
545709
545712
545715
545718
545721
545724
545727
545730
545733
545736
545739
545751
545754
545757
545769
545772
545775
546264
546267
546270
546273
546276
546279
546282
546285
546288
546291
546294
546297
546300
546303
546306
546318
546321
546324
546336
546339
546342
546345
546348
546351
546354
546357
546360
546363
546366
546369
546372
546375
546378
546381
546384
546387
546399
546402
546405
546417
546420
546423
546426
546429
546432
546435
546438
546441
546444
546447
546450
546453
546456
546459
546462
546465
546468
546480
546483
546486
546498
546501
546504
546750
546753
546756
546759
546762
546765
546777
546779
546780
546782
546783
546785
546786
546787
546788
546789
546790
546791
546792
546793
546794
546795
546796
546798
546799
546801
546802
546813
546816
546819
546822
546825
546828
546831
546834
546837
546840
546843
546846
546858
546860
546861
546863
546864
546866
546867
546868
546869
546870
546871
546872
546873
546874
546875
546876
546877
546879
546880
546882
546883
546894
546897
546900
546903
546906
546909
546912
546915
546918
546921
546924
546927
546939
546941
546942
546944
546945
546947
546948
546949
546950
546951
546952
546953
546954
546955
546956
546957
546958
546960
546961
546963
546964
546975
546978
546981
546984
546987
546990
546993
546996
546999
547002
547005
547008
547020
547022
547023
547025
547026
547028
547029
547030
547031
547032
547033
547034
547035
547036
547037
547038
547039
547041
547042
547044
547045
547056
547059
547062
547065
547068
547071
547074
547077
547080
547083
547086
547089
547101
547103
547104
547106
547107
547109
547110
547111
547112
547113
547114
547115
547116
547117
547118
547119
547120
547122
547123
547125
547126
547137
547140
547143
547146
547149
547152
547155
547158
547161
547164
547167
547170
547182
547184
547185
547187
547188
547190
547191
547192
547193
547194
547195
547196
547197
547198
547199
547200
547201
547203
547204
547206
547207
547218
547221
547224
547227
547230
547233
547722
547725
547728
547731
547734
547737
547749
547752
547755
547758
547761
547764
547767
547770
547773
547785
547788
547791
547794
547797
547800
547803
547806
547809
547812
547815
547818
547830
547833
547836
547839
547842
547845
547848
547851
547854
547866
547869
547872
547875
547878
547881
547884
547887
547890
547893
547896
547899
547911
547914
547917
547920
547923
547926
547929
547932
547935
547947
547950
547953
547956
547959
547962
548451
548454
548457
548460
548463
548466
548478
548481
548484
548487
548490
548493
548496
548499
548502
548514
548517
548520
548523
548526
548529
548532
548535
548538
548541
548544
548547
548559
548562
548565
548568
548571
548574
548577
548580
548583
548595
548598
548601
548604
548607
548610
548613
548616
548619
548622
548625
548628
548640
548643
548646
548649
548652
548655
548658
548661
548664
548676
548679
548682
548685
548688
548691
548937
548940
548943
548955
548958
548961
548973
548976
548979
548982
548985
548988
548991
548992
548994
548995
548997
548998
549000
549002
549003
549005
549006
549008
549009
549010
549011
549012
549013
549014
549015
549016
549017
549018
549021
549024
549036
549039
549042
549054
549057
549060
549063
549066
549069
549072
549073
549075
549076
549078
549079
549081
549083
549084
549086
549087
549089
549090
549091
549092
549093
549094
549095
549096
549097
549098
549099
549102
549105
549117
549120
549123
549135
549138
549141
549144
549147
549150
549153
549154
549156
549157
549159
549160
549162
549164
549165
549167
549168
549170
549171
549172
549173
549174
549175
549176
549177
549178
549179
549180
549183
549186
549198
549201
549204
549216
549219
549222
549225
549228
549231
549234
549235
549237
549238
549240
549241
549243
549245
549246
549248
549249
549251
549252
549253
549254
549255
549256
549257
549258
549259
549260
549261
549264
549267
549279
549282
549285
549297
549300
549303
549306
549309
549312
549315
549316
549318
549319
549321
549322
549324
549326
549327
549329
549330
549332
549333
549334
549335
549336
549337
549338
549339
549340
549341
549342
549345
549348
549360
549363
549366
549378
549381
549384
549387
549390
549393
549396
549397
549399
549400
549402
549403
549405
549407
549408
549410
549411
549413
549414
549415
549416
549417
549418
549419
549420
549421
549422
549909
549912
549915
549927
549930
549933
549945
549948
549951
549954
549957
549960
549963
549966
549969
549972
549975
549978
549981
549984
549987
549990
549993
549996
550008
550011
550014
550026
550029
550032
550035
550038
550041
550044
550047
550050
550053
550056
550059
550062
550065
550068
550071
550074
550077
550089
550092
550095
550107
550110
550113
550116
550119
550122
550125
550128
550131
550134
550137
550140
550143
550146
550149
550638
550641
550644
550656
550659
550662
550674
550677
550680
550683
550686
550689
550692
550695
550698
550701
550704
550707
550710
550713
550716
550719
550722
550725
550737
550740
550743
550755
550758
550761
550764
550767
550770
550773
550776
550779
550782
550785
550788
550791
550794
550797
550800
550803
550806
550818
550821
550824
550836
550839
550842
550845
550848
550851
550854
550857
550860
550863
550866
550869
550872
550875
550878
551124
551125
551126
551127
551128
551129
551130
551131
551132
551133
551134
551136
551137
551139
551140
551142
551144
551145
551147
551148
551150
551151
551154
551157
551160
551163
551166
551178
551181
551184
551196
551199
551202
551205
551206
551207
551208
551209
551210
551211
551212
551213
551214
551215
551217
551218
551220
551221
551223
551225
551226
551228
551229
551231
551232
551235
551238
551241
551244
551247
551259
551262
551265
551277
551280
551283
551286
551287
551288
551289
551290
551291
551292
551293
551294
551295
551296
551298
551299
551301
551302
551304
551306
551307
551309
551310
551312
551313
551316
551319
551322
551325
551328
551340
551343
551346
551358
551361
551364
551853
551856
551859
551862
551865
551868
551871
551874
551877
551880
551883
551886
551889
551892
551895
551907
551910
551913
551925
551928
551931
551934
551937
551940
551943
551946
551949
551952
551955
551958
551961
551964
551967
551970
551973
551976
551988
551991
551994
552006
552009
552012
552015
552018
552021
552024
552027
552030
552033
552036
552039
552042
552045
552048
552051
552054
552057
552069
552072
552075
552087
552090
552093
552582
552585
552588
552591
552594
552597
552600
552603
552606
552609
552612
552615
552618
552621
552624
552636
552639
552642
552654
552657
552660
552663
552666
552669
552672
552675
552678
552681
552684
552687
552690
552693
552696
552699
552702
552705
552717
552720
552723
552735
552738
552741
552744
552747
552750
552753
552756
552759
552762
552765
552768
552771
552774
552777
552780
552783
552786
552798
552801
552804
552816
552819
552822
553311
553314
553317
553320
553323
553326
553338
553340
553341
553343
553344
553346
553347
553348
553349
553350
553351
553352
553353
553354
553355
553356
553357
553359
553360
553362
553363
553374
553377
553380
553383
553386
553389
553392
553395
553398
553401
553404
553407
553419
553421
553422
553424
553425
553427
553428
553429
553430
553431
553432
553433
553434
553435
553436
553437
553438
553440
553441
553443
553444
553455
553458
553461
553464
553467
553470
553473
553476
553479
553482
553485
553488
553500
553502
553503
553505
553506
553508
553509
553510
553511
553512
553513
553514
553515
553516
553517
553518
553519
553521
553522
553524
553525
553536
553539
553542
553545
553548
553551
554040
554043
554046
554049
554052
554055
554067
554070
554073
554076
554079
554082
554085
554088
554091
554103
554106
554109
554112
554115
554118
554121
554124
554127
554130
554133
554136
554148
554151
554154
554157
554160
554163
554166
554169
554172
554184
554187
554190
554193
554196
554199
554202
554205
554208
554211
554214
554217
554229
554232
554235
554238
554241
554244
554247
554250
554253
554265
554268
554271
554274
554277
554280
554769
554772
554775
554778
554781
554784
554796
554799
554802
554805
554808
554811
554814
554817
554820
554832
554835
554838
554841
554844
554847
554850
554853
554856
554859
554862
554865
554877
554880
554883
554886
554889
554892
554895
554898
554901
554913
554916
554919
554922
554925
554928
554931
554934
554937
554940
554943
554946
554958
554961
554964
554967
554970
554973
554976
554979
554982
554994
554997
555000
555003
555006
555009
555498
555501
555504
555516
555519
555522
555534
555537
555540
555543
555546
555549
555552
555553
555555
555556
555558
555559
555561
555563
555564
555566
555567
555569
555570
555571
555572
555573
555574
555575
555576
555577
555578
555579
555582
555585
555597
555600
555603
555615
555618
555621
555624
555627
555630
555633
555634
555636
555637
555639
555640
555642
555644
555645
555647
555648
555650
555651
555652
555653
555654
555655
555656
555657
555658
555659
555660
555663
555666
555678
555681
555684
555696
555699
555702
555705
555708
555711
555714
555715
555717
555718
555720
555721
555723
555725
555726
555728
555729
555731
555732
555733
555734
555735
555736
555737
555738
555739
555740
556227
556230
556233
556245
556248
556251
556263
556266
556269
556272
556275
556278
556281
556284
556287
556290
556293
556296
556299
556302
556305
556308
556311
556314
556326
556329
556332
556344
556347
556350
556353
556356
556359
556362
556365
556368
556371
556374
556377
556380
556383
556386
556389
556392
556395
556407
556410
556413
556425
556428
556431
556434
556437
556440
556443
556446
556449
556452
556455
556458
556461
556464
556467
556956
556959
556962
556974
556977
556980
556992
556995
556998
557001
557004
557007
557010
557013
557016
557019
557022
557025
557028
557031
557034
557037
557040
557043
557055
557058
557061
557073
557076
557079
557082
557085
557088
557091
557094
557097
557100
557103
557106
557109
557112
557115
557118
557121
557124
557136
557139
557142
557154
557157
557160
557163
557166
557169
557172
557175
557178
557181
557184
557187
557190
557193
557196
558171
558172
558173
558174
558175
558176
558177
558178
558179
558180
558181
558183
558184
558186
558187
558189
558191
558192
558194
558195
558197
558198
558201
558204
558207
558210
558213
558225
558228
558231
558243
558246
558249
558252
558253
558254
558255
558256
558257
558258
558259
558260
558261
558262
558264
558265
558267
558268
558270
558272
558273
558275
558276
558278
558279
558282
558285
558288
558291
558294
558306
558309
558312
558324
558327
558330
558333
558334
558335
558336
558337
558338
558339
558340
558341
558342
558343
558345
558346
558348
558349
558351
558353
558354
558356
558357
558359
558360
558363
558366
558369
558372
558375
558387
558390
558393
558405
558408
558411
558900
558903
558906
558909
558912
558915
558918
558921
558924
558927
558930
558933
558936
558939
558942
558954
558957
558960
558972
558975
558978
558981
558984
558987
558990
558993
558996
558999
559002
559005
559008
559011
559014
559017
559020
559023
559035
559038
559041
559053
559056
559059
559062
559065
559068
559071
559074
559077
559080
559083
559086
559089
559092
559095
559098
559101
559104
559116
559119
559122
559134
559137
559140
559629
559632
559635
559638
559641
559644
559647
559650
559653
559656
559659
559662
559665
559668
559671
559683
559686
559689
559701
559704
559707
559710
559713
559716
559719
559722
559725
559728
559731
559734
559737
559740
559743
559746
559749
559752
559764
559767
559770
559782
559785
559788
559791
559794
559797
559800
559803
559806
559809
559812
559815
559818
559821
559824
559827
559830
559833
559845
559848
559851
559863
559866
559869
560358
560361
560364
560367
560370
560373
560385
560387
560388
560390
560391
560393
560394
560395
560396
560397
560398
560399
560400
560401
560402
560403
560404
560406
560407
560409
560410
560421
560424
560427
560430
560433
560436
560439
560442
560445
560448
560451
560454
560466
560468
560469
560471
560472
560474
560475
560476
560477
560478
560479
560480
560481
560482
560483
560484
560485
560487
560488
560490
560491
560502
560505
560508
560511
560514
560517
560520
560523
560526
560529
560532
560535
560547
560549
560550
560552
560553
560555
560556
560557
560558
560559
560560
560561
560562
560563
560564
560565
560566
560568
560569
560571
560572
560583
560586
560589
560592
560595
560598
561087
561090
561093
561096
561099
561102
561114
561117
561120
561123
561126
561129
561132
561135
561138
561150
561153
561156
561159
561162
561165
561168
561171
561174
561177
561180
561183
561195
561198
561201
561204
561207
561210
561213
561216
561219
561231
561234
561237
561240
561243
561246
561249
561252
561255
561258
561261
561264
561276
561279
561282
561285
561288
561291
561294
561297
561300
561312
561315
561318
561321
561324
561327
561816
561819
561822
561825
561828
561831
561843
561846
561849
561852
561855
561858
561861
561864
561867
561879
561882
561885
561888
561891
561894
561897
561900
561903
561906
561909
561912
561924
561927
561930
561933
561936
561939
561942
561945
561948
561960
561963
561966
561969
561972
561975
561978
561981
561984
561987
561990
561993
562005
562008
562011
562014
562017
562020
562023
562026
562029
562041
562044
562047
562050
562053
562056
562545
562548
562551
562563
562566
562569
562581
562584
562587
562590
562593
562596
562599
562600
562602
562603
562605
562606
562608
562610
562611
562613
562614
562616
562617
562618
562619
562620
562621
562622
562623
562624
562625
562626
562629
562632
562644
562647
562650
562662
562665
562668
562671
562674
562677
562680
562681
562683
562684
562686
562687
562689
562691
562692
562694
562695
562697
562698
562699
562700
562701
562702
562703
562704
562705
562706
562707
562710
562713
562725
562728
562731
562743
562746
562749
562752
562755
562758
562761
562762
562764
562765
562767
562768
562770
562772
562773
562775
562776
562778
562779
562780
562781
562782
562783
562784
562785
562786
562787
563274
563277
563280
563292
563295
563298
563310
563313
563316
563319
563322
563325
563328
563331
563334
563337
563340
563343
563346
563349
563352
563355
563358
563361
563373
563376
563379
563391
563394
563397
563400
563403
563406
563409
563412
563415
563418
563421
563424
563427
563430
563433
563436
563439
563442
563454
563457
563460
563472
563475
563478
563481
563484
563487
563490
563493
563496
563499
563502
563505
563508
563511
563514
564003
564006
564009
564021
564024
564027
564039
564042
564045
564048
564051
564054
564057
564060
564063
564066
564069
564072
564075
564078
564081
564084
564087
564090
564102
564105
564108
564120
564123
564126
564129
564132
564135
564138
564141
564144
564147
564150
564153
564156
564159
564162
564165
564168
564171
564183
564186
564189
564201
564204
564207
564210
564213
564216
564219
564222
564225
564228
564231
564234
564237
564240
564243
570807
570808
570809
570810
570811
570812
570813
570814
570815
570816
570817
570819
570820
570822
570823
570825
570827
570828
570830
570831
570833
570834
570837
570840
570843
570846
570849
570861
570864
570867
570879
570882
570885
570888
570889
570890
570891
570892
570893
570894
570895
570896
570897
570898
570900
570901
570903
570904
570906
570908
570909
570911
570912
570914
570915
570918
570921
570924
570927
570930
570942
570945
570948
570960
570963
570966
570969
570970
570971
570972
570973
570974
570975
570976
570977
570978
570979
570981
570982
570984
570985
570987
570989
570990
570992
570993
570995
570996
570999
571002
571005
571008
571011
571023
571026
571029
571041
571044
571047
571536
571539
571542
571545
571548
571551
571554
571557
571560
571563
571566
571569
571572
571575
571578
571590
571593
571596
571608
571611
571614
571617
571620
571623
571626
571629
571632
571635
571638
571641
571644
571647
571650
571653
571656
571659
571671
571674
571677
571689
571692
571695
571698
571701
571704
571707
571710
571713
571716
571719
571722
571725
571728
571731
571734
571737
571740
571752
571755
571758
571770
571773
571776
572265
572268
572271
572274
572277
572280
572283
572286
572289
572292
572295
572298
572301
572304
572307
572319
572322
572325
572337
572340
572343
572346
572349
572352
572355
572358
572361
572364
572367
572370
572373
572376
572379
572382
572385
572388
572400
572403
572406
572418
572421
572424
572427
572430
572433
572436
572439
572442
572445
572448
572451
572454
572457
572460
572463
572466
572469
572481
572484
572487
572499
572502
572505
572994
572997
573000
573003
573006
573009
573021
573023
573024
573026
573027
573029
573030
573031
573032
573033
573034
573035
573036
573037
573038
573039
573040
573042
573043
573045
573046
573057
573060
573063
573066
573069
573072
573075
573078
573081
573084
573087
573090
573102
573104
573105
573107
573108
573110
573111
573112
573113
573114
573115
573116
573117
573118
573119
573120
573121
573123
573124
573126
573127
573138
573141
573144
573147
573150
573153
573156
573159
573162
573165
573168
573171
573183
573185
573186
573188
573189
573191
573192
573193
573194
573195
573196
573197
573198
573199
573200
573201
573202
573204
573205
573207
573208
573219
573222
573225
573228
573231
573234
573723
573726
573729
573732
573735
573738
573750
573753
573756
573759
573762
573765
573768
573771
573774
573786
573789
573792
573795
573798
573801
573804
573807
573810
573813
573816
573819
573831
573834
573837
573840
573843
573846
573849
573852
573855
573867
573870
573873
573876
573879
573882
573885
573888
573891
573894
573897
573900
573912
573915
573918
573921
573924
573927
573930
573933
573936
573948
573951
573954
573957
573960
573963
574452
574455
574458
574461
574464
574467
574479
574482
574485
574488
574491
574494
574497
574500
574503
574515
574518
574521
574524
574527
574530
574533
574536
574539
574542
574545
574548
574560
574563
574566
574569
574572
574575
574578
574581
574584
574596
574599
574602
574605
574608
574611
574614
574617
574620
574623
574626
574629
574641
574644
574647
574650
574653
574656
574659
574662
574665
574677
574680
574683
574686
574689
574692
575181
575184
575187
575199
575202
575205
575217
575220
575223
575226
575229
575232
575235
575236
575238
575239
575241
575242
575244
575246
575247
575249
575250
575252
575253
575254
575255
575256
575257
575258
575259
575260
575261
575262
575265
575268
575280
575283
575286
575298
575301
575304
575307
575310
575313
575316
575317
575319
575320
575322
575323
575325
575327
575328
575330
575331
575333
575334
575335
575336
575337
575338
575339
575340
575341
575342
575343
575346
575349
575361
575364
575367
575379
575382
575385
575388
575391
575394
575397
575398
575400
575401
575403
575404
575406
575408
575409
575411
575412
575414
575415
575416
575417
575418
575419
575420
575421
575422
575423
575910
575913
575916
575928
575931
575934
575946
575949
575952
575955
575958
575961
575964
575967
575970
575973
575976
575979
575982
575985
575988
575991
575994
575997
576009
576012
576015
576027
576030
576033
576036
576039
576042
576045
576048
576051
576054
576057
576060
576063
576066
576069
576072
576075
576078
576090
576093
576096
576108
576111
576114
576117
576120
576123
576126
576129
576132
576135
576138
576141
576144
576147
576150
576639
576642
576645
576657
576660
576663
576675
576678
576681
576684
576687
576690
576693
576696
576699
576702
576705
576708
576711
576714
576717
576720
576723
576726
576738
576741
576744
576756
576759
576762
576765
576768
576771
576774
576777
576780
576783
576786
576789
576792
576795
576798
576801
576804
576807
576819
576822
576825
576837
576840
576843
576846
576849
576852
576855
576858
576861
576864
576867
576870
576873
576876
576879
584172
584173
584174
584175
584176
584177
584178
584179
584180
584181
584182
584184
584185
584187
584188
584190
584192
584193
584195
584196
584198
584199
584202
584205
584208
584211
584214
584226
584229
584232
584244
584247
584250
584253
584254
584255
584256
584257
584258
584259
584260
584261
584262
584263
584265
584266
584268
584269
584271
584273
584274
584276
584277
584279
584280
584283
584286
584289
584292
584295
584307
584310
584313
584325
584328
584331
584334
584335
584336
584337
584338
584339
584340
584341
584342
584343
584344
584346
584347
584349
584350
584352
584354
584355
584357
584358
584360
584361
584364
584367
584370
584373
584376
584388
584391
584394
584406
584409
584412
584901
584904
584907
584910
584913
584916
584919
584922
584925
584928
584931
584934
584937
584940
584943
584955
584958
584961
584973
584976
584979
584982
584985
584988
584991
584994
584997
585000
585003
585006
585009
585012
585015
585018
585021
585024
585036
585039
585042
585054
585057
585060
585063
585066
585069
585072
585075
585078
585081
585084
585087
585090
585093
585096
585099
585102
585105
585117
585120
585123
585135
585138
585141
585630
585633
585636
585639
585642
585645
585648
585651
585654
585657
585660
585663
585666
585669
585672
585684
585687
585690
585702
585705
585708
585711
585714
585717
585720
585723
585726
585729
585732
585735
585738
585741
585744
585747
585750
585753
585765
585768
585771
585783
585786
585789
585792
585795
585798
585801
585804
585807
585810
585813
585816
585819
585822
585825
585828
585831
585834
585846
585849
585852
585864
585867
585870
586359
586362
586365
586368
586371
586374
586386
586388
586389
586391
586392
586394
586395
586396
586397
586398
586399
586400
586401
586402
586403
586404
586405
586407
586408
586410
586411
586422
586425
586428
586431
586434
586437
586440
586443
586446
586449
586452
586455
586467
586469
586470
586472
586473
586475
586476
586477
586478
586479
586480
586481
586482
586483
586484
586485
586486
586488
586489
586491
586492
586503
586506
586509
586512
586515
586518
586521
586524
586527
586530
586533
586536
586548
586550
586551
586553
586554
586556
586557
586558
586559
586560
586561
586562
586563
586564
586565
586566
586567
586569
586570
586572
586573
586584
586587
586590
586593
586596
586599
587088
587091
587094
587097
587100
587103
587115
587118
587121
587124
587127
587130
587133
587136
587139
587151
587154
587157
587160
587163
587166
587169
587172
587175
587178
587181
587184
587196
587199
587202
587205
587208
587211
587214
587217
587220
587232
587235
587238
587241
587244
587247
587250
587253
587256
587259
587262
587265
587277
587280
587283
587286
587289
587292
587295
587298
587301
587313
587316
587319
587322
587325
587328
587817
587820
587823
587826
587829
587832
587844
587847
587850
587853
587856
587859
587862
587865
587868
587880
587883
587886
587889
587892
587895
587898
587901
587904
587907
587910
587913
587925
587928
587931
587934
587937
587940
587943
587946
587949
587961
587964
587967
587970
587973
587976
587979
587982
587985
587988
587991
587994
588006
588009
588012
588015
588018
588021
588024
588027
588030
588042
588045
588048
588051
588054
588057
588546
588549
588552
588564
588567
588570
588582
588585
588588
588591
588594
588597
588600
588601
588603
588604
588606
588607
588609
588611
588612
588614
588615
588617
588618
588619
588620
588621
588622
588623
588624
588625
588626
588627
588630
588633
588645
588648
588651
588663
588666
588669
588672
588675
588678
588681
588682
588684
588685
588687
588688
588690
588692
588693
588695
588696
588698
588699
588700
588701
588702
588703
588704
588705
588706
588707
588708
588711
588714
588726
588729
588732
588744
588747
588750
588753
588756
588759
588762
588763
588765
588766
588768
588769
588771
588773
588774
588776
588777
588779
588780
588781
588782
588783
588784
588785
588786
588787
588788
589275
589278
589281
589293
589296
589299
589311
589314
589317
589320
589323
589326
589329
589332
589335
589338
589341
589344
589347
589350
589353
589356
589359
589362
589374
589377
589380
589392
589395
589398
589401
589404
589407
589410
589413
589416
589419
589422
589425
589428
589431
589434
589437
589440
589443
589455
589458
589461
589473
589476
589479
589482
589485
589488
589491
589494
589497
589500
589503
589506
589509
589512
589515
590004
590007
590010
590022
590025
590028
590040
590043
590046
590049
590052
590055
590058
590061
590064
590067
590070
590073
590076
590079
590082
590085
590088
590091
590103
590106
590109
590121
590124
590127
590130
590133
590136
590139
590142
590145
590148
590151
590154
590157
590160
590163
590166
590169
590172
590184
590187
590190
590202
590205
590208
590211
590214
590217
590220
590223
590226
590229
590232
590235
590238
590241
590244
590490
590491
590492
590493
590494
590495
590496
590497
590498
590499
590500
590502
590503
590505
590506
590508
590510
590511
590513
590514
590516
590517
590520
590523
590526
590529
590532
590544
590547
590550
590562
590565
590568
590571
590572
590573
590574
590575
590576
590577
590578
590579
590580
590581
590583
590584
590586
590587
590589
590591
590592
590594
590595
590597
590598
590601
590604
590607
590610
590613
590625
590628
590631
590643
590646
590649
590652
590653
590654
590655
590656
590657
590658
590659
590660
590661
590662
590664
590665
590667
590668
590670
590672
590673
590675
590676
590678
590679
590682
590685
590688
590691
590694
590706
590709
590712
590724
590727
590730
590733
590734
590735
590736
590737
590738
590739
590740
590741
590742
590743
590745
590746
590748
590749
590751
590753
590754
590756
590757
590759
590760
590763
590766
590769
590772
590775
590787
590790
590793
590805
590808
590811
590814
590815
590816
590817
590818
590819
590820
590821
590822
590823
590824
590826
590827
590829
590830
590832
590834
590835
590837
590838
590840
590841
590844
590847
590850
590853
590856
590868
590871
590874
590886
590889
590892
590895
590896
590897
590898
590899
590900
590901
590902
590903
590904
590905
590907
590908
590910
590911
590913
590915
590916
590918
590919
590921
590922
590925
590928
590931
590934
590937
590949
590952
590955
590967
590970
590973
590976
590977
590978
590979
590980
590981
590982
590983
590984
590985
590986
590988
590989
590991
590992
590994
590996
590997
590999
591000
591002
591003
591006
591009
591012
591015
591018
591030
591033
591036
591048
591051
591054
591057
591058
591059
591060
591061
591062
591063
591064
591065
591066
591067
591069
591070
591072
591073
591075
591077
591078
591080
591081
591083
591084
591087
591090
591093
591096
591099
591111
591114
591117
591129
591132
591135
591138
591139
591140
591141
591142
591143
591144
591145
591146
591147
591148
591150
591151
591153
591154
591156
591158
591159
591161
591162
591164
591165
591168
591171
591174
591177
591180
591192
591195
591198
591210
591213
591216
592677
592680
592683
592686
592689
592692
592704
592706
592707
592709
592710
592712
592713
592714
592715
592716
592717
592718
592719
592720
592721
592722
592723
592725
592726
592728
592729
592740
592743
592746
592749
592752
592755
592758
592761
592764
592767
592770
592773
592785
592787
592788
592790
592791
592793
592794
592795
592796
592797
592798
592799
592800
592801
592802
592803
592804
592806
592807
592809
592810
592821
592824
592827
592830
592833
592836
592839
592842
592845
592848
592851
592854
592866
592868
592869
592871
592872
592874
592875
592876
592877
592878
592879
592880
592881
592882
592883
592884
592885
592887
592888
592890
592891
592902
592905
592908
592911
592914
592917
592920
592923
592926
592929
592932
592935
592947
592949
592950
592952
592953
592955
592956
592957
592958
592959
592960
592961
592962
592963
592964
592965
592966
592968
592969
592971
592972
592983
592986
592989
592992
592995
592998
593001
593004
593007
593010
593013
593016
593028
593030
593031
593033
593034
593036
593037
593038
593039
593040
593041
593042
593043
593044
593045
593046
593047
593049
593050
593052
593053
593064
593067
593070
593073
593076
593079
593082
593085
593088
593091
593094
593097
593109
593111
593112
593114
593115
593117
593118
593119
593120
593121
593122
593123
593124
593125
593126
593127
593128
593130
593131
593133
593134
593145
593148
593151
593154
593157
593160
593163
593166
593169
593172
593175
593178
593190
593192
593193
593195
593196
593198
593199
593200
593201
593202
593203
593204
593205
593206
593207
593208
593209
593211
593212
593214
593215
593226
593229
593232
593235
593238
593241
593244
593247
593250
593253
593256
593259
593271
593273
593274
593276
593277
593279
593280
593281
593282
593283
593284
593285
593286
593287
593288
593289
593290
593292
593293
593295
593296
593307
593310
593313
593316
593319
593322
593325
593328
593331
593334
593337
593340
593352
593354
593355
593357
593358
593360
593361
593362
593363
593364
593365
593366
593367
593368
593369
593370
593371
593373
593374
593376
593377
593388
593391
593394
593397
593400
593403
594864
594867
594870
594882
594885
594888
594900
594903
594906
594909
594912
594915
594918
594919
594921
594922
594924
594925
594927
594929
594930
594932
594933
594935
594936
594937
594938
594939
594940
594941
594942
594943
594944
594945
594948
594951
594963
594966
594969
594981
594984
594987
594990
594993
594996
594999
595000
595002
595003
595005
595006
595008
595010
595011
595013
595014
595016
595017
595018
595019
595020
595021
595022
595023
595024
595025
595026
595029
595032
595044
595047
595050
595062
595065
595068
595071
595074
595077
595080
595081
595083
595084
595086
595087
595089
595091
595092
595094
595095
595097
595098
595099
595100
595101
595102
595103
595104
595105
595106
595107
595110
595113
595125
595128
595131
595143
595146
595149
595152
595155
595158
595161
595162
595164
595165
595167
595168
595170
595172
595173
595175
595176
595178
595179
595180
595181
595182
595183
595184
595185
595186
595187
595188
595191
595194
595206
595209
595212
595224
595227
595230
595233
595236
595239
595242
595243
595245
595246
595248
595249
595251
595253
595254
595256
595257
595259
595260
595261
595262
595263
595264
595265
595266
595267
595268
595269
595272
595275
595287
595290
595293
595305
595308
595311
595314
595317
595320
595323
595324
595326
595327
595329
595330
595332
595334
595335
595337
595338
595340
595341
595342
595343
595344
595345
595346
595347
595348
595349
595350
595353
595356
595368
595371
595374
595386
595389
595392
595395
595398
595401
595404
595405
595407
595408
595410
595411
595413
595415
595416
595418
595419
595421
595422
595423
595424
595425
595426
595427
595428
595429
595430
595431
595434
595437
595449
595452
595455
595467
595470
595473
595476
595479
595482
595485
595486
595488
595489
595491
595492
595494
595496
595497
595499
595500
595502
595503
595504
595505
595506
595507
595508
595509
595510
595511
595512
595515
595518
595530
595533
595536
595548
595551
595554
595557
595560
595563
595566
595567
595569
595570
595572
595573
595575
595577
595578
595580
595581
595583
595584
595585
595586
595587
595588
595589
595590
595591
595592
597051
597052
597053
597054
597055
597056
597057
597058
597059
597060
597061
597063
597064
597066
597067
597069
597071
597072
597074
597075
597077
597078
597081
597084
597087
597090
597093
597105
597108
597111
597123
597126
597129
597132
597133
597134
597135
597136
597137
597138
597139
597140
597141
597142
597144
597145
597147
597148
597150
597152
597153
597155
597156
597158
597159
597162
597165
597168
597171
597174
597186
597189
597192
597204
597207
597210
597213
597214
597215
597216
597217
597218
597219
597220
597221
597222
597223
597225
597226
597228
597229
597231
597233
597234
597236
597237
597239
597240
597243
597246
597249
597252
597255
597267
597270
597273
597285
597288
597291
597537
597538
597539
597540
597541
597542
597543
597544
597545
597546
597547
597549
597550
597552
597553
597555
597557
597558
597560
597561
597563
597564
597567
597570
597573
597576
597579
597591
597594
597597
597609
597612
597615
597618
597619
597620
597621
597622
597623
597624
597625
597626
597627
597628
597630
597631
597633
597634
597636
597638
597639
597641
597642
597644
597645
597648
597651
597654
597657
597660
597672
597675
597678
597690
597693
597696
597699
597700
597701
597702
597703
597704
597705
597706
597707
597708
597709
597711
597712
597714
597715
597717
597719
597720
597722
597723
597725
597726
597729
597732
597735
597738
597741
597753
597756
597759
597771
597774
597777
599238
599241
599244
599247
599250
599253
599265
599267
599268
599270
599271
599273
599274
599275
599276
599277
599278
599279
599280
599281
599282
599283
599284
599286
599287
599289
599290
599301
599304
599307
599310
599313
599316
599319
599322
599325
599328
599331
599334
599346
599348
599349
599351
599352
599354
599355
599356
599357
599358
599359
599360
599361
599362
599363
599364
599365
599367
599368
599370
599371
599382
599385
599388
599391
599394
599397
599400
599403
599406
599409
599412
599415
599427
599429
599430
599432
599433
599435
599436
599437
599438
599439
599440
599441
599442
599443
599444
599445
599446
599448
599449
599451
599452
599463
599466
599469
599472
599475
599478
599724
599727
599730
599733
599736
599739
599751
599753
599754
599756
599757
599759
599760
599761
599762
599763
599764
599765
599766
599767
599768
599769
599770
599772
599773
599775
599776
599787
599790
599793
599796
599799
599802
599805
599808
599811
599814
599817
599820
599832
599834
599835
599837
599838
599840
599841
599842
599843
599844
599845
599846
599847
599848
599849
599850
599851
599853
599854
599856
599857
599868
599871
599874
599877
599880
599883
599886
599889
599892
599895
599898
599901
599913
599915
599916
599918
599919
599921
599922
599923
599924
599925
599926
599927
599928
599929
599930
599931
599932
599934
599935
599937
599938
599949
599952
599955
599958
599961
599964
601425
601428
601431
601443
601446
601449
601461
601464
601467
601470
601473
601476
601479
601480
601482
601483
601485
601486
601488
601490
601491
601493
601494
601496
601497
601498
601499
601500
601501
601502
601503
601504
601505
601506
601509
601512
601524
601527
601530
601542
601545
601548
601551
601554
601557
601560
601561
601563
601564
601566
601567
601569
601571
601572
601574
601575
601577
601578
601579
601580
601581
601582
601583
601584
601585
601586
601587
601590
601593
601605
601608
601611
601623
601626
601629
601632
601635
601638
601641
601642
601644
601645
601647
601648
601650
601652
601653
601655
601656
601658
601659
601660
601661
601662
601663
601664
601665
601666
601667
601911
601914
601917
601929
601932
601935
601947
601950
601953
601956
601959
601962
601965
601966
601968
601969
601971
601972
601974
601976
601977
601979
601980
601982
601983
601984
601985
601986
601987
601988
601989
601990
601991
601992
601995
601998
602010
602013
602016
602028
602031
602034
602037
602040
602043
602046
602047
602049
602050
602052
602053
602055
602057
602058
602060
602061
602063
602064
602065
602066
602067
602068
602069
602070
602071
602072
602073
602076
602079
602091
602094
602097
602109
602112
602115
602118
602121
602124
602127
602128
602130
602131
602133
602134
602136
602138
602139
602141
602142
602144
602145
602146
602147
602148
602149
602150
602151
602152
602153
603612
603613
603614
603615
603616
603617
603618
603619
603620
603621
603622
603624
603625
603627
603628
603630
603632
603633
603635
603636
603638
603639
603642
603645
603648
603651
603654
603666
603669
603672
603684
603687
603690
603693
603694
603695
603696
603697
603698
603699
603700
603701
603702
603703
603705
603706
603708
603709
603711
603713
603714
603716
603717
603719
603720
603723
603726
603729
603732
603735
603747
603750
603753
603765
603768
603771
603774
603775
603776
603777
603778
603779
603780
603781
603782
603783
603784
603786
603787
603789
603790
603792
603794
603795
603797
603798
603800
603801
603804
603807
603810
603813
603816
603828
603831
603834
603846
603849
603852
603855
603856
603857
603858
603859
603860
603861
603862
603863
603864
603865
603867
603868
603870
603871
603873
603875
603876
603878
603879
603881
603882
603885
603888
603891
603894
603897
603909
603912
603915
603927
603930
603933
603936
603937
603938
603939
603940
603941
603942
603943
603944
603945
603946
603948
603949
603951
603952
603954
603956
603957
603959
603960
603962
603963
603966
603969
603972
603975
603978
603990
603993
603996
604008
604011
604014
604017
604018
604019
604020
604021
604022
604023
604024
604025
604026
604027
604029
604030
604032
604033
604035
604037
604038
604040
604041
604043
604044
604047
604050
604053
604056
604059
604071
604074
604077
604089
604092
604095
605799
605802
605805
605808
605811
605814
605826
605828
605829
605831
605832
605834
605835
605836
605837
605838
605839
605840
605841
605842
605843
605844
605845
605847
605848
605850
605851
605862
605865
605868
605871
605874
605877
605880
605883
605886
605889
605892
605895
605907
605909
605910
605912
605913
605915
605916
605917
605918
605919
605920
605921
605922
605923
605924
605925
605926
605928
605929
605931
605932
605943
605946
605949
605952
605955
605958
605961
605964
605967
605970
605973
605976
605988
605990
605991
605993
605994
605996
605997
605998
605999
606000
606001
606002
606003
606004
606005
606006
606007
606009
606010
606012
606013
606024
606027
606030
606033
606036
606039
606042
606045
606048
606051
606054
606057
606069
606071
606072
606074
606075
606077
606078
606079
606080
606081
606082
606083
606084
606085
606086
606087
606088
606090
606091
606093
606094
606105
606108
606111
606114
606117
606120
606123
606126
606129
606132
606135
606138
606150
606152
606153
606155
606156
606158
606159
606160
606161
606162
606163
606164
606165
606166
606167
606168
606169
606171
606172
606174
606175
606186
606189
606192
606195
606198
606201
606204
606207
606210
606213
606216
606219
606231
606233
606234
606236
606237
606239
606240
606241
606242
606243
606244
606245
606246
606247
606248
606249
606250
606252
606253
606255
606256
606267
606270
606273
606276
606279
606282
607986
607989
607992
608004
608007
608010
608022
608025
608028
608031
608034
608037
608040
608041
608043
608044
608046
608047
608049
608051
608052
608054
608055
608057
608058
608059
608060
608061
608062
608063
608064
608065
608066
608067
608070
608073
608085
608088
608091
608103
608106
608109
608112
608115
608118
608121
608122
608124
608125
608127
608128
608130
608132
608133
608135
608136
608138
608139
608140
608141
608142
608143
608144
608145
608146
608147
608148
608151
608154
608166
608169
608172
608184
608187
608190
608193
608196
608199
608202
608203
608205
608206
608208
608209
608211
608213
608214
608216
608217
608219
608220
608221
608222
608223
608224
608225
608226
608227
608228
608229
608232
608235
608247
608250
608253
608265
608268
608271
608274
608277
608280
608283
608284
608286
608287
608289
608290
608292
608294
608295
608297
608298
608300
608301
608302
608303
608304
608305
608306
608307
608308
608309
608310
608313
608316
608328
608331
608334
608346
608349
608352
608355
608358
608361
608364
608365
608367
608368
608370
608371
608373
608375
608376
608378
608379
608381
608382
608383
608384
608385
608386
608387
608388
608389
608390
608391
608394
608397
608409
608412
608415
608427
608430
608433
608436
608439
608442
608445
608446
608448
608449
608451
608452
608454
608456
608457
608459
608460
608462
608463
608464
608465
608466
608467
608468
608469
608470
608471
610173
610174
610175
610176
610177
610178
610179
610180
610181
610182
610183
610185
610186
610188
610189
610191
610193
610194
610196
610197
610199
610200
610203
610206
610209
610212
610215
610227
610230
610233
610245
610248
610251
610254
610255
610256
610257
610258
610259
610260
610261
610262
610263
610264
610266
610267
610269
610270
610272
610274
610275
610277
610278
610280
610281
610284
610287
610290
610293
610296
610308
610311
610314
610326
610329
610332
610335
610336
610337
610338
610339
610340
610341
610342
610343
610344
610345
610347
610348
610350
610351
610353
610355
610356
610358
610359
610361
610362
610365
610368
610371
610374
610377
610389
610392
610395
610407
610410
610413
612360
612363
612366
612369
612372
612375
612387
612389
612390
612392
612393
612395
612396
612397
612398
612399
612400
612401
612402
612403
612404
612405
612406
612408
612409
612411
612412
612423
612426
612429
612432
612435
612438
612441
612444
612447
612450
612453
612456
612468
612470
612471
612473
612474
612476
612477
612478
612479
612480
612481
612482
612483
612484
612485
612486
612487
612489
612490
612492
612493
612504
612507
612510
612513
612516
612519
612522
612525
612528
612531
612534
612537
612549
612551
612552
612554
612555
612557
612558
612559
612560
612561
612562
612563
612564
612565
612566
612567
612568
612570
612571
612573
612574
612585
612588
612591
612594
612597
612600
614547
614550
614553
614565
614568
614571
614583
614586
614589
614592
614595
614598
614601
614602
614604
614605
614607
614608
614610
614612
614613
614615
614616
614618
614619
614620
614621
614622
614623
614624
614625
614626
614627
614628
614631
614634
614646
614649
614652
614664
614667
614670
614673
614676
614679
614682
614683
614685
614686
614688
614689
614691
614693
614694
614696
614697
614699
614700
614701
614702
614703
614704
614705
614706
614707
614708
614709
614712
614715
614727
614730
614733
614745
614748
614751
614754
614757
614760
614763
614764
614766
614767
614769
614770
614772
614774
614775
614777
614778
614780
614781
614782
614783
614784
614785
614786
614787
614788
614789
617220
617221
617222
617223
617224
617225
617226
617227
617228
617229
617230
617232
617233
617235
617236
617238
617240
617241
617243
617244
617246
617247
617250
617253
617256
617259
617262
617274
617277
617280
617292
617295
617298
617301
617302
617303
617304
617305
617306
617307
617308
617309
617310
617311
617313
617314
617316
617317
617319
617321
617322
617324
617325
617327
617328
617331
617334
617337
617340
617343
617355
617358
617361
617373
617376
617379
617382
617383
617384
617385
617386
617387
617388
617389
617390
617391
617392
617394
617395
617397
617398
617400
617402
617403
617405
617406
617408
617409
617412
617415
617418
617421
617424
617436
617439
617442
617454
617457
617460
619407
619410
619413
619416
619419
619422
619434
619436
619437
619439
619440
619442
619443
619444
619445
619446
619447
619448
619449
619450
619451
619452
619453
619455
619456
619458
619459
619470
619473
619476
619479
619482
619485
619488
619491
619494
619497
619500
619503
619515
619517
619518
619520
619521
619523
619524
619525
619526
619527
619528
619529
619530
619531
619532
619533
619534
619536
619537
619539
619540
619551
619554
619557
619560
619563
619566
619569
619572
619575
619578
619581
619584
619596
619598
619599
619601
619602
619604
619605
619606
619607
619608
619609
619610
619611
619612
619613
619614
619615
619617
619618
619620
619621
619632
619635
619638
619641
619644
619647
621594
621597
621600
621612
621615
621618
621630
621633
621636
621639
621642
621645
621648
621649
621651
621652
621654
621655
621657
621659
621660
621662
621663
621665
621666
621667
621668
621669
621670
621671
621672
621673
621674
621675
621678
621681
621693
621696
621699
621711
621714
621717
621720
621723
621726
621729
621730
621732
621733
621735
621736
621738
621740
621741
621743
621744
621746
621747
621748
621749
621750
621751
621752
621753
621754
621755
621756
621759
621762
621774
621777
621780
621792
621795
621798
621801
621804
621807
621810
621811
621813
621814
621816
621817
621819
621821
621822
621824
621825
621827
621828
621829
621830
621831
621832
621833
621834
621835
621836
629856
629857
629858
629859
629860
629861
629862
629863
629864
629865
629866
629868
629869
629871
629872
629874
629876
629877
629879
629880
629882
629883
629886
629889
629892
629895
629898
629910
629913
629916
629928
629931
629934
629937
629938
629939
629940
629941
629942
629943
629944
629945
629946
629947
629949
629950
629952
629953
629955
629957
629958
629960
629961
629963
629964
629967
629970
629973
629976
629979
629991
629994
629997
630009
630012
630015
630018
630019
630020
630021
630022
630023
630024
630025
630026
630027
630028
630030
630031
630033
630034
630036
630038
630039
630041
630042
630044
630045
630048
630051
630054
630057
630060
630072
630075
630078
630090
630093
630096
632043
632046
632049
632052
632055
632058
632070
632072
632073
632075
632076
632078
632079
632080
632081
632082
632083
632084
632085
632086
632087
632088
632089
632091
632092
632094
632095
632106
632109
632112
632115
632118
632121
632124
632127
632130
632133
632136
632139
632151
632153
632154
632156
632157
632159
632160
632161
632162
632163
632164
632165
632166
632167
632168
632169
632170
632172
632173
632175
632176
632187
632190
632193
632196
632199
632202
632205
632208
632211
632214
632217
632220
632232
632234
632235
632237
632238
632240
632241
632242
632243
632244
632245
632246
632247
632248
632249
632250
632251
632253
632254
632256
632257
632268
632271
632274
632277
632280
632283
634230
634233
634236
634248
634251
634254
634266
634269
634272
634275
634278
634281
634284
634285
634287
634288
634290
634291
634293
634295
634296
634298
634299
634301
634302
634303
634304
634305
634306
634307
634308
634309
634310
634311
634314
634317
634329
634332
634335
634347
634350
634353
634356
634359
634362
634365
634366
634368
634369
634371
634372
634374
634376
634377
634379
634380
634382
634383
634384
634385
634386
634387
634388
634389
634390
634391
634392
634395
634398
634410
634413
634416
634428
634431
634434
634437
634440
634443
634446
634447
634449
634450
634452
634453
634455
634457
634458
634460
634461
634463
634464
634465
634466
634467
634468
634469
634470
634471
634472
643221
643222
643223
643224
643225
643226
643227
643228
643229
643230
643231
643233
643234
643236
643237
643239
643241
643242
643244
643245
643247
643248
643251
643254
643257
643260
643263
643275
643278
643281
643293
643296
643299
643302
643303
643304
643305
643306
643307
643308
643309
643310
643311
643312
643314
643315
643317
643318
643320
643322
643323
643325
643326
643328
643329
643332
643335
643338
643341
643344
643356
643359
643362
643374
643377
643380
643383
643384
643385
643386
643387
643388
643389
643390
643391
643392
643393
643395
643396
643398
643399
643401
643403
643404
643406
643407
643409
643410
643413
643416
643419
643422
643425
643437
643440
643443
643455
643458
643461
645408
645411
645414
645417
645420
645423
645435
645437
645438
645440
645441
645443
645444
645445
645446
645447
645448
645449
645450
645451
645452
645453
645454
645456
645457
645459
645460
645471
645474
645477
645480
645483
645486
645489
645492
645495
645498
645501
645504
645516
645518
645519
645521
645522
645524
645525
645526
645527
645528
645529
645530
645531
645532
645533
645534
645535
645537
645538
645540
645541
645552
645555
645558
645561
645564
645567
645570
645573
645576
645579
645582
645585
645597
645599
645600
645602
645603
645605
645606
645607
645608
645609
645610
645611
645612
645613
645614
645615
645616
645618
645619
645621
645622
645633
645636
645639
645642
645645
645648
647595
647598
647601
647613
647616
647619
647631
647634
647637
647640
647643
647646
647649
647650
647652
647653
647655
647656
647658
647660
647661
647663
647664
647666
647667
647668
647669
647670
647671
647672
647673
647674
647675
647676
647679
647682
647694
647697
647700
647712
647715
647718
647721
647724
647727
647730
647731
647733
647734
647736
647737
647739
647741
647742
647744
647745
647747
647748
647749
647750
647751
647752
647753
647754
647755
647756
647757
647760
647763
647775
647778
647781
647793
647796
647799
647802
647805
647808
647811
647812
647814
647815
647817
647818
647820
647822
647823
647825
647826
647828
647829
647830
647831
647832
647833
647834
647835
647836
647837
885735
885736
885737
885738
885739
885740
885741
885742
885743
885744
885745
885747
885748
885750
885751
885753
885755
885756
885758
885759
885761
885762
885765
885768
885771
885774
885777
885789
885792
885795
885807
885810
885813
885816
885817
885818
885819
885820
885821
885822
885823
885824
885825
885826
885828
885829
885831
885832
885834
885836
885837
885839
885840
885842
885843
885846
885849
885852
885855
885858
885870
885873
885876
885888
885891
885894
885897
885898
885899
885900
885901
885902
885903
885904
885905
885906
885907
885909
885910
885912
885913
885915
885917
885918
885920
885921
885923
885924
885927
885930
885933
885936
885939
885951
885954
885957
885969
885972
885975
885978
885979
885980
885981
885982
885983
885984
885985
885986
885987
885988
885990
885991
885993
885994
885996
885998
885999
886001
886002
886004
886005
886008
886011
886014
886017
886020
886032
886035
886038
886050
886053
886056
886059
886060
886061
886062
886063
886064
886065
886066
886067
886068
886069
886071
886072
886074
886075
886077
886079
886080
886082
886083
886085
886086
886089
886092
886095
886098
886101
886113
886116
886119
886131
886134
886137
886140
886141
886142
886143
886144
886145
886146
886147
886148
886149
886150
886152
886153
886155
886156
886158
886160
886161
886163
886164
886166
886167
886170
886173
886176
886179
886182
886194
886197
886200
886212
886215
886218
886221
886222
886223
886224
886225
886226
886227
886228
886229
886230
886231
886233
886234
886236
886237
886239
886241
886242
886244
886245
886247
886248
886251
886254
886257
886260
886263
886275
886278
886281
886293
886296
886299
886302
886303
886304
886305
886306
886307
886308
886309
886310
886311
886312
886314
886315
886317
886318
886320
886322
886323
886325
886326
886328
886329
886332
886335
886338
886341
886344
886356
886359
886362
886374
886377
886380
886383
886384
886385
886386
886387
886388
886389
886390
886391
886392
886393
886395
886396
886398
886399
886401
886403
886404
886406
886407
886409
886410
886413
886416
886419
886422
886425
886437
886440
886443
886455
886458
886461
886464
886467
886470
886473
886476
886479
886482
886485
886488
886491
886494
886497
886500
886503
886506
886518
886521
886524
886536
886539
886542
886545
886548
886551
886554
886557
886560
886563
886566
886569
886572
886575
886578
886581
886584
886587
886599
886602
886605
886617
886620
886623
886626
886629
886632
886635
886638
886641
886644
886647
886650
886653
886656
886659
886662
886665
886668
886680
886683
886686
886698
886701
886704
887193
887196
887199
887202
887205
887208
887211
887214
887217
887220
887223
887226
887229
887232
887235
887247
887250
887253
887265
887268
887271
887274
887277
887280
887283
887286
887289
887292
887295
887298
887301
887304
887307
887310
887313
887316
887328
887331
887334
887346
887349
887352
887355
887358
887361
887364
887367
887370
887373
887376
887379
887382
887385
887388
887391
887394
887397
887409
887412
887415
887427
887430
887433
887922
887925
887928
887931
887934
887937
887949
887951
887952
887954
887955
887957
887958
887959
887960
887961
887962
887963
887964
887965
887966
887967
887968
887970
887971
887973
887974
887985
887988
887991
887994
887997
888000
888003
888006
888009
888012
888015
888018
888030
888032
888033
888035
888036
888038
888039
888040
888041
888042
888043
888044
888045
888046
888047
888048
888049
888051
888052
888054
888055
888066
888069
888072
888075
888078
888081
888084
888087
888090
888093
888096
888099
888111
888113
888114
888116
888117
888119
888120
888121
888122
888123
888124
888125
888126
888127
888128
888129
888130
888132
888133
888135
888136
888147
888150
888153
888156
888159
888162
888165
888168
888171
888174
888177
888180
888192
888194
888195
888197
888198
888200
888201
888202
888203
888204
888205
888206
888207
888208
888209
888210
888211
888213
888214
888216
888217
888228
888231
888234
888237
888240
888243
888246
888249
888252
888255
888258
888261
888273
888275
888276
888278
888279
888281
888282
888283
888284
888285
888286
888287
888288
888289
888290
888291
888292
888294
888295
888297
888298
888309
888312
888315
888318
888321
888324
888327
888330
888333
888336
888339
888342
888354
888356
888357
888359
888360
888362
888363
888364
888365
888366
888367
888368
888369
888370
888371
888372
888373
888375
888376
888378
888379
888390
888393
888396
888399
888402
888405
888408
888411
888414
888417
888420
888423
888435
888437
888438
888440
888441
888443
888444
888445
888446
888447
888448
888449
888450
888451
888452
888453
888454
888456
888457
888459
888460
888471
888474
888477
888480
888483
888486
888489
888492
888495
888498
888501
888504
888516
888518
888519
888521
888522
888524
888525
888526
888527
888528
888529
888530
888531
888532
888533
888534
888535
888537
888538
888540
888541
888552
888555
888558
888561
888564
888567
888570
888573
888576
888579
888582
888585
888597
888599
888600
888602
888603
888605
888606
888607
888608
888609
888610
888611
888612
888613
888614
888615
888616
888618
888619
888621
888622
888633
888636
888639
888642
888645
888648
888651
888654
888657
888660
888663
888666
888678
888681
888684
888687
888690
888693
888696
888699
888702
888714
888717
888720
888723
888726
888729
888732
888735
888738
888741
888744
888747
888759
888762
888765
888768
888771
888774
888777
888780
888783
888795
888798
888801
888804
888807
888810
888813
888816
888819
888822
888825
888828
888840
888843
888846
888849
888852
888855
888858
888861
888864
888876
888879
888882
888885
888888
888891
889380
889383
889386
889389
889392
889395
889407
889410
889413
889416
889419
889422
889425
889428
889431
889443
889446
889449
889452
889455
889458
889461
889464
889467
889470
889473
889476
889488
889491
889494
889497
889500
889503
889506
889509
889512
889524
889527
889530
889533
889536
889539
889542
889545
889548
889551
889554
889557
889569
889572
889575
889578
889581
889584
889587
889590
889593
889605
889608
889611
889614
889617
889620
890109
890112
890115
890127
890130
890133
890145
890148
890151
890154
890157
890160
890163
890164
890166
890167
890169
890170
890172
890174
890175
890177
890178
890180
890181
890182
890183
890184
890185
890186
890187
890188
890189
890190
890193
890196
890208
890211
890214
890226
890229
890232
890235
890238
890241
890244
890245
890247
890248
890250
890251
890253
890255
890256
890258
890259
890261
890262
890263
890264
890265
890266
890267
890268
890269
890270
890271
890274
890277
890289
890292
890295
890307
890310
890313
890316
890319
890322
890325
890326
890328
890329
890331
890332
890334
890336
890337
890339
890340
890342
890343
890344
890345
890346
890347
890348
890349
890350
890351
890352
890355
890358
890370
890373
890376
890388
890391
890394
890397
890400
890403
890406
890407
890409
890410
890412
890413
890415
890417
890418
890420
890421
890423
890424
890425
890426
890427
890428
890429
890430
890431
890432
890433
890436
890439
890451
890454
890457
890469
890472
890475
890478
890481
890484
890487
890488
890490
890491
890493
890494
890496
890498
890499
890501
890502
890504
890505
890506
890507
890508
890509
890510
890511
890512
890513
890514
890517
890520
890532
890535
890538
890550
890553
890556
890559
890562
890565
890568
890569
890571
890572
890574
890575
890577
890579
890580
890582
890583
890585
890586
890587
890588
890589
890590
890591
890592
890593
890594
890595
890598
890601
890613
890616
890619
890631
890634
890637
890640
890643
890646
890649
890650
890652
890653
890655
890656
890658
890660
890661
890663
890664
890666
890667
890668
890669
890670
890671
890672
890673
890674
890675
890676
890679
890682
890694
890697
890700
890712
890715
890718
890721
890724
890727
890730
890731
890733
890734
890736
890737
890739
890741
890742
890744
890745
890747
890748
890749
890750
890751
890752
890753
890754
890755
890756
890757
890760
890763
890775
890778
890781
890793
890796
890799
890802
890805
890808
890811
890812
890814
890815
890817
890818
890820
890822
890823
890825
890826
890828
890829
890830
890831
890832
890833
890834
890835
890836
890837
890838
890841
890844
890856
890859
890862
890874
890877
890880
890883
890886
890889
890892
890895
890898
890901
890904
890907
890910
890913
890916
890919
890922
890925
890937
890940
890943
890955
890958
890961
890964
890967
890970
890973
890976
890979
890982
890985
890988
890991
890994
890997
891000
891003
891006
891018
891021
891024
891036
891039
891042
891045
891048
891051
891054
891057
891060
891063
891066
891069
891072
891075
891078
891567
891570
891573
891585
891588
891591
891603
891606
891609
891612
891615
891618
891621
891624
891627
891630
891633
891636
891639
891642
891645
891648
891651
891654
891666
891669
891672
891684
891687
891690
891693
891696
891699
891702
891705
891708
891711
891714
891717
891720
891723
891726
891729
891732
891735
891747
891750
891753
891765
891768
891771
891774
891777
891780
891783
891786
891789
891792
891795
891798
891801
891804
891807
892296
892297
892298
892299
892300
892301
892302
892303
892304
892305
892306
892308
892309
892311
892312
892314
892316
892317
892319
892320
892322
892323
892326
892329
892332
892335
892338
892350
892353
892356
892368
892371
892374
892377
892378
892379
892380
892381
892382
892383
892384
892385
892386
892387
892389
892390
892392
892393
892395
892397
892398
892400
892401
892403
892404
892407
892410
892413
892416
892419
892431
892434
892437
892449
892452
892455
892458
892459
892460
892461
892462
892463
892464
892465
892466
892467
892468
892470
892471
892473
892474
892476
892478
892479
892481
892482
892484
892485
892488
892491
892494
892497
892500
892512
892515
892518
892530
892533
892536
892782
892783
892784
892785
892786
892787
892788
892789
892790
892791
892792
892794
892795
892797
892798
892800
892802
892803
892805
892806
892808
892809
892812
892815
892818
892821
892824
892836
892839
892842
892854
892857
892860
892863
892864
892865
892866
892867
892868
892869
892870
892871
892872
892873
892875
892876
892878
892879
892881
892883
892884
892886
892887
892889
892890
892893
892896
892899
892902
892905
892917
892920
892923
892935
892938
892941
892944
892945
892946
892947
892948
892949
892950
892951
892952
892953
892954
892956
892957
892959
892960
892962
892964
892965
892967
892968
892970
892971
892974
892977
892980
892983
892986
892998
893001
893004
893016
893019
893022
893511
893514
893517
893520
893523
893526
893529
893532
893535
893538
893541
893544
893547
893550
893553
893565
893568
893571
893583
893586
893589
893592
893595
893598
893601
893604
893607
893610
893613
893616
893619
893622
893625
893628
893631
893634
893646
893649
893652
893664
893667
893670
893673
893676
893679
893682
893685
893688
893691
893694
893697
893700
893703
893706
893709
893712
893715
893727
893730
893733
893745
893748
893751
894240
894243
894246
894249
894252
894255
894258
894261
894264
894267
894270
894273
894276
894279
894282
894294
894297
894300
894312
894315
894318
894321
894324
894327
894330
894333
894336
894339
894342
894345
894348
894351
894354
894357
894360
894363
894375
894378
894381
894393
894396
894399
894402
894405
894408
894411
894414
894417
894420
894423
894426
894429
894432
894435
894438
894441
894444
894456
894459
894462
894474
894477
894480
894483
894486
894489
894492
894495
894498
894510
894512
894513
894515
894516
894518
894519
894520
894521
894522
894523
894524
894525
894526
894527
894528
894529
894531
894532
894534
894535
894546
894549
894552
894555
894558
894561
894564
894567
894570
894573
894576
894579
894591
894593
894594
894596
894597
894599
894600
894601
894602
894603
894604
894605
894606
894607
894608
894609
894610
894612
894613
894615
894616
894627
894630
894633
894636
894639
894642
894645
894648
894651
894654
894657
894660
894672
894674
894675
894677
894678
894680
894681
894682
894683
894684
894685
894686
894687
894688
894689
894690
894691
894693
894694
894696
894697
894708
894711
894714
894717
894720
894723
894969
894972
894975
894978
894981
894984
894996
894998
894999
895001
895002
895004
895005
895006
895007
895008
895009
895010
895011
895012
895013
895014
895015
895017
895018
895020
895021
895032
895035
895038
895041
895044
895047
895050
895053
895056
895059
895062
895065
895077
895079
895080
895082
895083
895085
895086
895087
895088
895089
895090
895091
895092
895093
895094
895095
895096
895098
895099
895101
895102
895113
895116
895119
895122
895125
895128
895131
895134
895137
895140
895143
895146
895158
895160
895161
895163
895164
895166
895167
895168
895169
895170
895171
895172
895173
895174
895175
895176
895177
895179
895180
895182
895183
895194
895197
895200
895203
895206
895209
895698
895701
895704
895707
895710
895713
895725
895728
895731
895734
895737
895740
895743
895746
895749
895761
895764
895767
895770
895773
895776
895779
895782
895785
895788
895791
895794
895806
895809
895812
895815
895818
895821
895824
895827
895830
895842
895845
895848
895851
895854
895857
895860
895863
895866
895869
895872
895875
895887
895890
895893
895896
895899
895902
895905
895908
895911
895923
895926
895929
895932
895935
895938
896427
896430
896433
896436
896439
896442
896454
896457
896460
896463
896466
896469
896472
896475
896478
896490
896493
896496
896499
896502
896505
896508
896511
896514
896517
896520
896523
896535
896538
896541
896544
896547
896550
896553
896556
896559
896571
896574
896577
896580
896583
896586
896589
896592
896595
896598
896601
896604
896616
896619
896622
896625
896628
896631
896634
896637
896640
896652
896655
896658
896661
896664
896667
896670
896673
896676
896688
896691
896694
896706
896709
896712
896715
896718
896721
896724
896725
896727
896728
896730
896731
896733
896735
896736
896738
896739
896741
896742
896743
896744
896745
896746
896747
896748
896749
896750
896751
896754
896757
896769
896772
896775
896787
896790
896793
896796
896799
896802
896805
896806
896808
896809
896811
896812
896814
896816
896817
896819
896820
896822
896823
896824
896825
896826
896827
896828
896829
896830
896831
896832
896835
896838
896850
896853
896856
896868
896871
896874
896877
896880
896883
896886
896887
896889
896890
896892
896893
896895
896897
896898
896900
896901
896903
896904
896905
896906
896907
896908
896909
896910
896911
896912
897156
897159
897162
897174
897177
897180
897192
897195
897198
897201
897204
897207
897210
897211
897213
897214
897216
897217
897219
897221
897222
897224
897225
897227
897228
897229
897230
897231
897232
897233
897234
897235
897236
897237
897240
897243
897255
897258
897261
897273
897276
897279
897282
897285
897288
897291
897292
897294
897295
897297
897298
897300
897302
897303
897305
897306
897308
897309
897310
897311
897312
897313
897314
897315
897316
897317
897318
897321
897324
897336
897339
897342
897354
897357
897360
897363
897366
897369
897372
897373
897375
897376
897378
897379
897381
897383
897384
897386
897387
897389
897390
897391
897392
897393
897394
897395
897396
897397
897398
897885
897888
897891
897903
897906
897909
897921
897924
897927
897930
897933
897936
897939
897942
897945
897948
897951
897954
897957
897960
897963
897966
897969
897972
897984
897987
897990
898002
898005
898008
898011
898014
898017
898020
898023
898026
898029
898032
898035
898038
898041
898044
898047
898050
898053
898065
898068
898071
898083
898086
898089
898092
898095
898098
898101
898104
898107
898110
898113
898116
898119
898122
898125
898614
898617
898620
898632
898635
898638
898650
898653
898656
898659
898662
898665
898668
898671
898674
898677
898680
898683
898686
898689
898692
898695
898698
898701
898713
898716
898719
898731
898734
898737
898740
898743
898746
898749
898752
898755
898758
898761
898764
898767
898770
898773
898776
898779
898782
898794
898797
898800
898812
898815
898818
898821
898824
898827
898830
898833
898836
898839
898842
898845
898848
898851
898854
898857
898858
898859
898860
898861
898862
898863
898864
898865
898866
898867
898869
898870
898872
898873
898875
898877
898878
898880
898881
898883
898884
898887
898890
898893
898896
898899
898911
898914
898917
898929
898932
898935
898938
898939
898940
898941
898942
898943
898944
898945
898946
898947
898948
898950
898951
898953
898954
898956
898958
898959
898961
898962
898964
898965
898968
898971
898974
898977
898980
898992
898995
898998
899010
899013
899016
899019
899020
899021
899022
899023
899024
899025
899026
899027
899028
899029
899031
899032
899034
899035
899037
899039
899040
899042
899043
899045
899046
899049
899052
899055
899058
899061
899073
899076
899079
899091
899094
899097
899100
899101
899102
899103
899104
899105
899106
899107
899108
899109
899110
899112
899113
899115
899116
899118
899120
899121
899123
899124
899126
899127
899130
899133
899136
899139
899142
899154
899157
899160
899172
899175
899178
899181
899182
899183
899184
899185
899186
899187
899188
899189
899190
899191
899193
899194
899196
899197
899199
899201
899202
899204
899205
899207
899208
899211
899214
899217
899220
899223
899235
899238
899241
899253
899256
899259
899262
899263
899264
899265
899266
899267
899268
899269
899270
899271
899272
899274
899275
899277
899278
899280
899282
899283
899285
899286
899288
899289
899292
899295
899298
899301
899304
899316
899319
899322
899334
899337
899340
899829
899832
899835
899838
899841
899844
899847
899850
899853
899856
899859
899862
899865
899868
899871
899883
899886
899889
899901
899904
899907
899910
899913
899916
899919
899922
899925
899928
899931
899934
899937
899940
899943
899946
899949
899952
899964
899967
899970
899982
899985
899988
899991
899994
899997
900000
900003
900006
900009
900012
900015
900018
900021
900024
900027
900030
900033
900045
900048
900051
900063
900066
900069
900558
900561
900564
900567
900570
900573
900576
900579
900582
900585
900588
900591
900594
900597
900600
900612
900615
900618
900630
900633
900636
900639
900642
900645
900648
900651
900654
900657
900660
900663
900666
900669
900672
900675
900678
900681
900693
900696
900699
900711
900714
900717
900720
900723
900726
900729
900732
900735
900738
900741
900744
900747
900750
900753
900756
900759
900762
900774
900777
900780
900792
900795
900798
901044
901047
901050
901053
901056
901059
901071
901073
901074
901076
901077
901079
901080
901081
901082
901083
901084
901085
901086
901087
901088
901089
901090
901092
901093
901095
901096
901107
901110
901113
901116
901119
901122
901125
901128
901131
901134
901137
901140
901152
901154
901155
901157
901158
901160
901161
901162
901163
901164
901165
901166
901167
901168
901169
901170
901171
901173
901174
901176
901177
901188
901191
901194
901197
901200
901203
901206
901209
901212
901215
901218
901221
901233
901235
901236
901238
901239
901241
901242
901243
901244
901245
901246
901247
901248
901249
901250
901251
901252
901254
901255
901257
901258
901269
901272
901275
901278
901281
901284
901287
901290
901293
901296
901299
901302
901314
901316
901317
901319
901320
901322
901323
901324
901325
901326
901327
901328
901329
901330
901331
901332
901333
901335
901336
901338
901339
901350
901353
901356
901359
901362
901365
901368
901371
901374
901377
901380
901383
901395
901397
901398
901400
901401
901403
901404
901405
901406
901407
901408
901409
901410
901411
901412
901413
901414
901416
901417
901419
901420
901431
901434
901437
901440
901443
901446
901449
901452
901455
901458
901461
901464
901476
901478
901479
901481
901482
901484
901485
901486
901487
901488
901489
901490
901491
901492
901493
901494
901495
901497
901498
901500
901501
901512
901515
901518
901521
901524
901527
902016
902019
902022
902025
902028
902031
902043
902046
902049
902052
902055
902058
902061
902064
902067
902079
902082
902085
902088
902091
902094
902097
902100
902103
902106
902109
902112
902124
902127
902130
902133
902136
902139
902142
902145
902148
902160
902163
902166
902169
902172
902175
902178
902181
902184
902187
902190
902193
902205
902208
902211
902214
902217
902220
902223
902226
902229
902241
902244
902247
902250
902253
902256
902745
902748
902751
902754
902757
902760
902772
902775
902778
902781
902784
902787
902790
902793
902796
902808
902811
902814
902817
902820
902823
902826
902829
902832
902835
902838
902841
902853
902856
902859
902862
902865
902868
902871
902874
902877
902889
902892
902895
902898
902901
902904
902907
902910
902913
902916
902919
902922
902934
902937
902940
902943
902946
902949
902952
902955
902958
902970
902973
902976
902979
902982
902985
903231
903234
903237
903249
903252
903255
903267
903270
903273
903276
903279
903282
903285
903286
903288
903289
903291
903292
903294
903296
903297
903299
903300
903302
903303
903304
903305
903306
903307
903308
903309
903310
903311
903312
903315
903318
903330
903333
903336
903348
903351
903354
903357
903360
903363
903366
903367
903369
903370
903372
903373
903375
903377
903378
903380
903381
903383
903384
903385
903386
903387
903388
903389
903390
903391
903392
903393
903396
903399
903411
903414
903417
903429
903432
903435
903438
903441
903444
903447
903448
903450
903451
903453
903454
903456
903458
903459
903461
903462
903464
903465
903466
903467
903468
903469
903470
903471
903472
903473
903474
903477
903480
903492
903495
903498
903510
903513
903516
903519
903522
903525
903528
903529
903531
903532
903534
903535
903537
903539
903540
903542
903543
903545
903546
903547
903548
903549
903550
903551
903552
903553
903554
903555
903558
903561
903573
903576
903579
903591
903594
903597
903600
903603
903606
903609
903610
903612
903613
903615
903616
903618
903620
903621
903623
903624
903626
903627
903628
903629
903630
903631
903632
903633
903634
903635
903636
903639
903642
903654
903657
903660
903672
903675
903678
903681
903684
903687
903690
903691
903693
903694
903696
903697
903699
903701
903702
903704
903705
903707
903708
903709
903710
903711
903712
903713
903714
903715
903716
904203
904206
904209
904221
904224
904227
904239
904242
904245
904248
904251
904254
904257
904260
904263
904266
904269
904272
904275
904278
904281
904284
904287
904290
904302
904305
904308
904320
904323
904326
904329
904332
904335
904338
904341
904344
904347
904350
904353
904356
904359
904362
904365
904368
904371
904383
904386
904389
904401
904404
904407
904410
904413
904416
904419
904422
904425
904428
904431
904434
904437
904440
904443
904932
904935
904938
904950
904953
904956
904968
904971
904974
904977
904980
904983
904986
904989
904992
904995
904998
905001
905004
905007
905010
905013
905016
905019
905031
905034
905037
905049
905052
905055
905058
905061
905064
905067
905070
905073
905076
905079
905082
905085
905088
905091
905094
905097
905100
905112
905115
905118
905130
905133
905136
905139
905142
905145
905148
905151
905154
905157
905160
905163
905166
905169
905172
905418
905419
905420
905421
905422
905423
905424
905425
905426
905427
905428
905430
905431
905433
905434
905436
905438
905439
905441
905442
905444
905445
905448
905451
905454
905457
905460
905472
905475
905478
905490
905493
905496
905499
905500
905501
905502
905503
905504
905505
905506
905507
905508
905509
905511
905512
905514
905515
905517
905519
905520
905522
905523
905525
905526
905529
905532
905535
905538
905541
905553
905556
905559
905571
905574
905577
905580
905581
905582
905583
905584
905585
905586
905587
905588
905589
905590
905592
905593
905595
905596
905598
905600
905601
905603
905604
905606
905607
905610
905613
905616
905619
905622
905634
905637
905640
905652
905655
905658
906147
906150
906153
906156
906159
906162
906165
906168
906171
906174
906177
906180
906183
906186
906189
906201
906204
906207
906219
906222
906225
906228
906231
906234
906237
906240
906243
906246
906249
906252
906255
906258
906261
906264
906267
906270
906282
906285
906288
906300
906303
906306
906309
906312
906315
906318
906321
906324
906327
906330
906333
906336
906339
906342
906345
906348
906351
906363
906366
906369
906381
906384
906387
906876
906879
906882
906885
906888
906891
906894
906897
906900
906903
906906
906909
906912
906915
906918
906930
906933
906936
906948
906951
906954
906957
906960
906963
906966
906969
906972
906975
906978
906981
906984
906987
906990
906993
906996
906999
907011
907014
907017
907029
907032
907035
907038
907041
907044
907047
907050
907053
907056
907059
907062
907065
907068
907071
907074
907077
907080
907092
907095
907098
907110
907113
907116
907605
907608
907611
907614
907617
907620
907632
907634
907635
907637
907638
907640
907641
907642
907643
907644
907645
907646
907647
907648
907649
907650
907651
907653
907654
907656
907657
907668
907671
907674
907677
907680
907683
907686
907689
907692
907695
907698
907701
907713
907715
907716
907718
907719
907721
907722
907723
907724
907725
907726
907727
907728
907729
907730
907731
907732
907734
907735
907737
907738
907749
907752
907755
907758
907761
907764
907767
907770
907773
907776
907779
907782
907794
907796
907797
907799
907800
907802
907803
907804
907805
907806
907807
907808
907809
907810
907811
907812
907813
907815
907816
907818
907819
907830
907833
907836
907839
907842
907845
908334
908337
908340
908343
908346
908349
908361
908364
908367
908370
908373
908376
908379
908382
908385
908397
908400
908403
908406
908409
908412
908415
908418
908421
908424
908427
908430
908442
908445
908448
908451
908454
908457
908460
908463
908466
908478
908481
908484
908487
908490
908493
908496
908499
908502
908505
908508
908511
908523
908526
908529
908532
908535
908538
908541
908544
908547
908559
908562
908565
908568
908571
908574
909063
909066
909069
909072
909075
909078
909090
909093
909096
909099
909102
909105
909108
909111
909114
909126
909129
909132
909135
909138
909141
909144
909147
909150
909153
909156
909159
909171
909174
909177
909180
909183
909186
909189
909192
909195
909207
909210
909213
909216
909219
909222
909225
909228
909231
909234
909237
909240
909252
909255
909258
909261
909264
909267
909270
909273
909276
909288
909291
909294
909297
909300
909303
909792
909795
909798
909810
909813
909816
909828
909831
909834
909837
909840
909843
909846
909847
909849
909850
909852
909853
909855
909857
909858
909860
909861
909863
909864
909865
909866
909867
909868
909869
909870
909871
909872
909873
909876
909879
909891
909894
909897
909909
909912
909915
909918
909921
909924
909927
909928
909930
909931
909933
909934
909936
909938
909939
909941
909942
909944
909945
909946
909947
909948
909949
909950
909951
909952
909953
909954
909957
909960
909972
909975
909978
909990
909993
909996
909999
910002
910005
910008
910009
910011
910012
910014
910015
910017
910019
910020
910022
910023
910025
910026
910027
910028
910029
910030
910031
910032
910033
910034
910521
910524
910527
910539
910542
910545
910557
910560
910563
910566
910569
910572
910575
910578
910581
910584
910587
910590
910593
910596
910599
910602
910605
910608
910620
910623
910626
910638
910641
910644
910647
910650
910653
910656
910659
910662
910665
910668
910671
910674
910677
910680
910683
910686
910689
910701
910704
910707
910719
910722
910725
910728
910731
910734
910737
910740
910743
910746
910749
910752
910755
910758
910761
911250
911253
911256
911268
911271
911274
911286
911289
911292
911295
911298
911301
911304
911307
911310
911313
911316
911319
911322
911325
911328
911331
911334
911337
911349
911352
911355
911367
911370
911373
911376
911379
911382
911385
911388
911391
911394
911397
911400
911403
911406
911409
911412
911415
911418
911430
911433
911436
911448
911451
911454
911457
911460
911463
911466
911469
911472
911475
911478
911481
911484
911487
911490
912465
912466
912467
912468
912469
912470
912471
912472
912473
912474
912475
912477
912478
912480
912481
912483
912485
912486
912488
912489
912491
912492
912495
912498
912501
912504
912507
912519
912522
912525
912537
912540
912543
912546
912547
912548
912549
912550
912551
912552
912553
912554
912555
912556
912558
912559
912561
912562
912564
912566
912567
912569
912570
912572
912573
912576
912579
912582
912585
912588
912600
912603
912606
912618
912621
912624
912627
912628
912629
912630
912631
912632
912633
912634
912635
912636
912637
912639
912640
912642
912643
912645
912647
912648
912650
912651
912653
912654
912657
912660
912663
912666
912669
912681
912684
912687
912699
912702
912705
913194
913197
913200
913203
913206
913209
913212
913215
913218
913221
913224
913227
913230
913233
913236
913248
913251
913254
913266
913269
913272
913275
913278
913281
913284
913287
913290
913293
913296
913299
913302
913305
913308
913311
913314
913317
913329
913332
913335
913347
913350
913353
913356
913359
913362
913365
913368
913371
913374
913377
913380
913383
913386
913389
913392
913395
913398
913410
913413
913416
913428
913431
913434
913923
913926
913929
913932
913935
913938
913941
913944
913947
913950
913953
913956
913959
913962
913965
913977
913980
913983
913995
913998
914001
914004
914007
914010
914013
914016
914019
914022
914025
914028
914031
914034
914037
914040
914043
914046
914058
914061
914064
914076
914079
914082
914085
914088
914091
914094
914097
914100
914103
914106
914109
914112
914115
914118
914121
914124
914127
914139
914142
914145
914157
914160
914163
914652
914655
914658
914661
914664
914667
914679
914681
914682
914684
914685
914687
914688
914689
914690
914691
914692
914693
914694
914695
914696
914697
914698
914700
914701
914703
914704
914715
914718
914721
914724
914727
914730
914733
914736
914739
914742
914745
914748
914760
914762
914763
914765
914766
914768
914769
914770
914771
914772
914773
914774
914775
914776
914777
914778
914779
914781
914782
914784
914785
914796
914799
914802
914805
914808
914811
914814
914817
914820
914823
914826
914829
914841
914843
914844
914846
914847
914849
914850
914851
914852
914853
914854
914855
914856
914857
914858
914859
914860
914862
914863
914865
914866
914877
914880
914883
914886
914889
914892
915381
915384
915387
915390
915393
915396
915408
915411
915414
915417
915420
915423
915426
915429
915432
915444
915447
915450
915453
915456
915459
915462
915465
915468
915471
915474
915477
915489
915492
915495
915498
915501
915504
915507
915510
915513
915525
915528
915531
915534
915537
915540
915543
915546
915549
915552
915555
915558
915570
915573
915576
915579
915582
915585
915588
915591
915594
915606
915609
915612
915615
915618
915621
916110
916113
916116
916119
916122
916125
916137
916140
916143
916146
916149
916152
916155
916158
916161
916173
916176
916179
916182
916185
916188
916191
916194
916197
916200
916203
916206
916218
916221
916224
916227
916230
916233
916236
916239
916242
916254
916257
916260
916263
916266
916269
916272
916275
916278
916281
916284
916287
916299
916302
916305
916308
916311
916314
916317
916320
916323
916335
916338
916341
916344
916347
916350
916839
916842
916845
916857
916860
916863
916875
916878
916881
916884
916887
916890
916893
916894
916896
916897
916899
916900
916902
916904
916905
916907
916908
916910
916911
916912
916913
916914
916915
916916
916917
916918
916919
916920
916923
916926
916938
916941
916944
916956
916959
916962
916965
916968
916971
916974
916975
916977
916978
916980
916981
916983
916985
916986
916988
916989
916991
916992
916993
916994
916995
916996
916997
916998
916999
917000
917001
917004
917007
917019
917022
917025
917037
917040
917043
917046
917049
917052
917055
917056
917058
917059
917061
917062
917064
917066
917067
917069
917070
917072
917073
917074
917075
917076
917077
917078
917079
917080
917081
917568
917571
917574
917586
917589
917592
917604
917607
917610
917613
917616
917619
917622
917625
917628
917631
917634
917637
917640
917643
917646
917649
917652
917655
917667
917670
917673
917685
917688
917691
917694
917697
917700
917703
917706
917709
917712
917715
917718
917721
917724
917727
917730
917733
917736
917748
917751
917754
917766
917769
917772
917775
917778
917781
917784
917787
917790
917793
917796
917799
917802
917805
917808
918297
918300
918303
918315
918318
918321
918333
918336
918339
918342
918345
918348
918351
918354
918357
918360
918363
918366
918369
918372
918375
918378
918381
918384
918396
918399
918402
918414
918417
918420
918423
918426
918429
918432
918435
918438
918441
918444
918447
918450
918453
918456
918459
918462
918465
918477
918480
918483
918495
918498
918501
918504
918507
918510
918513
918516
918519
918522
918525
918528
918531
918534
918537
925101
925102
925103
925104
925105
925106
925107
925108
925109
925110
925111
925113
925114
925116
925117
925119
925121
925122
925124
925125
925127
925128
925131
925134
925137
925140
925143
925155
925158
925161
925173
925176
925179
925182
925183
925184
925185
925186
925187
925188
925189
925190
925191
925192
925194
925195
925197
925198
925200
925202
925203
925205
925206
925208
925209
925212
925215
925218
925221
925224
925236
925239
925242
925254
925257
925260
925263
925264
925265
925266
925267
925268
925269
925270
925271
925272
925273
925275
925276
925278
925279
925281
925283
925284
925286
925287
925289
925290
925293
925296
925299
925302
925305
925317
925320
925323
925335
925338
925341
925830
925833
925836
925839
925842
925845
925848
925851
925854
925857
925860
925863
925866
925869
925872
925884
925887
925890
925902
925905
925908
925911
925914
925917
925920
925923
925926
925929
925932
925935
925938
925941
925944
925947
925950
925953
925965
925968
925971
925983
925986
925989
925992
925995
925998
926001
926004
926007
926010
926013
926016
926019
926022
926025
926028
926031
926034
926046
926049
926052
926064
926067
926070
926559
926562
926565
926568
926571
926574
926577
926580
926583
926586
926589
926592
926595
926598
926601
926613
926616
926619
926631
926634
926637
926640
926643
926646
926649
926652
926655
926658
926661
926664
926667
926670
926673
926676
926679
926682
926694
926697
926700
926712
926715
926718
926721
926724
926727
926730
926733
926736
926739
926742
926745
926748
926751
926754
926757
926760
926763
926775
926778
926781
926793
926796
926799
927288
927291
927294
927297
927300
927303
927315
927317
927318
927320
927321
927323
927324
927325
927326
927327
927328
927329
927330
927331
927332
927333
927334
927336
927337
927339
927340
927351
927354
927357
927360
927363
927366
927369
927372
927375
927378
927381
927384
927396
927398
927399
927401
927402
927404
927405
927406
927407
927408
927409
927410
927411
927412
927413
927414
927415
927417
927418
927420
927421
927432
927435
927438
927441
927444
927447
927450
927453
927456
927459
927462
927465
927477
927479
927480
927482
927483
927485
927486
927487
927488
927489
927490
927491
927492
927493
927494
927495
927496
927498
927499
927501
927502
927513
927516
927519
927522
927525
927528
928017
928020
928023
928026
928029
928032
928044
928047
928050
928053
928056
928059
928062
928065
928068
928080
928083
928086
928089
928092
928095
928098
928101
928104
928107
928110
928113
928125
928128
928131
928134
928137
928140
928143
928146
928149
928161
928164
928167
928170
928173
928176
928179
928182
928185
928188
928191
928194
928206
928209
928212
928215
928218
928221
928224
928227
928230
928242
928245
928248
928251
928254
928257
928746
928749
928752
928755
928758
928761
928773
928776
928779
928782
928785
928788
928791
928794
928797
928809
928812
928815
928818
928821
928824
928827
928830
928833
928836
928839
928842
928854
928857
928860
928863
928866
928869
928872
928875
928878
928890
928893
928896
928899
928902
928905
928908
928911
928914
928917
928920
928923
928935
928938
928941
928944
928947
928950
928953
928956
928959
928971
928974
928977
928980
928983
928986
929475
929478
929481
929493
929496
929499
929511
929514
929517
929520
929523
929526
929529
929530
929532
929533
929535
929536
929538
929540
929541
929543
929544
929546
929547
929548
929549
929550
929551
929552
929553
929554
929555
929556
929559
929562
929574
929577
929580
929592
929595
929598
929601
929604
929607
929610
929611
929613
929614
929616
929617
929619
929621
929622
929624
929625
929627
929628
929629
929630
929631
929632
929633
929634
929635
929636
929637
929640
929643
929655
929658
929661
929673
929676
929679
929682
929685
929688
929691
929692
929694
929695
929697
929698
929700
929702
929703
929705
929706
929708
929709
929710
929711
929712
929713
929714
929715
929716
929717
930204
930207
930210
930222
930225
930228
930240
930243
930246
930249
930252
930255
930258
930261
930264
930267
930270
930273
930276
930279
930282
930285
930288
930291
930303
930306
930309
930321
930324
930327
930330
930333
930336
930339
930342
930345
930348
930351
930354
930357
930360
930363
930366
930369
930372
930384
930387
930390
930402
930405
930408
930411
930414
930417
930420
930423
930426
930429
930432
930435
930438
930441
930444
930933
930936
930939
930951
930954
930957
930969
930972
930975
930978
930981
930984
930987
930990
930993
930996
930999
931002
931005
931008
931011
931014
931017
931020
931032
931035
931038
931050
931053
931056
931059
931062
931065
931068
931071
931074
931077
931080
931083
931086
931089
931092
931095
931098
931101
931113
931116
931119
931131
931134
931137
931140
931143
931146
931149
931152
931155
931158
931161
931164
931167
931170
931173
938466
938467
938468
938469
938470
938471
938472
938473
938474
938475
938476
938478
938479
938481
938482
938484
938486
938487
938489
938490
938492
938493
938496
938499
938502
938505
938508
938520
938523
938526
938538
938541
938544
938547
938548
938549
938550
938551
938552
938553
938554
938555
938556
938557
938559
938560
938562
938563
938565
938567
938568
938570
938571
938573
938574
938577
938580
938583
938586
938589
938601
938604
938607
938619
938622
938625
938628
938629
938630
938631
938632
938633
938634
938635
938636
938637
938638
938640
938641
938643
938644
938646
938648
938649
938651
938652
938654
938655
938658
938661
938664
938667
938670
938682
938685
938688
938700
938703
938706
939195
939198
939201
939204
939207
939210
939213
939216
939219
939222
939225
939228
939231
939234
939237
939249
939252
939255
939267
939270
939273
939276
939279
939282
939285
939288
939291
939294
939297
939300
939303
939306
939309
939312
939315
939318
939330
939333
939336
939348
939351
939354
939357
939360
939363
939366
939369
939372
939375
939378
939381
939384
939387
939390
939393
939396
939399
939411
939414
939417
939429
939432
939435
939924
939927
939930
939933
939936
939939
939942
939945
939948
939951
939954
939957
939960
939963
939966
939978
939981
939984
939996
939999
940002
940005
940008
940011
940014
940017
940020
940023
940026
940029
940032
940035
940038
940041
940044
940047
940059
940062
940065
940077
940080
940083
940086
940089
940092
940095
940098
940101
940104
940107
940110
940113
940116
940119
940122
940125
940128
940140
940143
940146
940158
940161
940164
940653
940656
940659
940662
940665
940668
940680
940682
940683
940685
940686
940688
940689
940690
940691
940692
940693
940694
940695
940696
940697
940698
940699
940701
940702
940704
940705
940716
940719
940722
940725
940728
940731
940734
940737
940740
940743
940746
940749
940761
940763
940764
940766
940767
940769
940770
940771
940772
940773
940774
940775
940776
940777
940778
940779
940780
940782
940783
940785
940786
940797
940800
940803
940806
940809
940812
940815
940818
940821
940824
940827
940830
940842
940844
940845
940847
940848
940850
940851
940852
940853
940854
940855
940856
940857
940858
940859
940860
940861
940863
940864
940866
940867
940878
940881
940884
940887
940890
940893
941382
941385
941388
941391
941394
941397
941409
941412
941415
941418
941421
941424
941427
941430
941433
941445
941448
941451
941454
941457
941460
941463
941466
941469
941472
941475
941478
941490
941493
941496
941499
941502
941505
941508
941511
941514
941526
941529
941532
941535
941538
941541
941544
941547
941550
941553
941556
941559
941571
941574
941577
941580
941583
941586
941589
941592
941595
941607
941610
941613
941616
941619
941622
942111
942114
942117
942120
942123
942126
942138
942141
942144
942147
942150
942153
942156
942159
942162
942174
942177
942180
942183
942186
942189
942192
942195
942198
942201
942204
942207
942219
942222
942225
942228
942231
942234
942237
942240
942243
942255
942258
942261
942264
942267
942270
942273
942276
942279
942282
942285
942288
942300
942303
942306
942309
942312
942315
942318
942321
942324
942336
942339
942342
942345
942348
942351
942840
942843
942846
942858
942861
942864
942876
942879
942882
942885
942888
942891
942894
942895
942897
942898
942900
942901
942903
942905
942906
942908
942909
942911
942912
942913
942914
942915
942916
942917
942918
942919
942920
942921
942924
942927
942939
942942
942945
942957
942960
942963
942966
942969
942972
942975
942976
942978
942979
942981
942982
942984
942986
942987
942989
942990
942992
942993
942994
942995
942996
942997
942998
942999
943000
943001
943002
943005
943008
943020
943023
943026
943038
943041
943044
943047
943050
943053
943056
943057
943059
943060
943062
943063
943065
943067
943068
943070
943071
943073
943074
943075
943076
943077
943078
943079
943080
943081
943082
943569
943572
943575
943587
943590
943593
943605
943608
943611
943614
943617
943620
943623
943626
943629
943632
943635
943638
943641
943644
943647
943650
943653
943656
943668
943671
943674
943686
943689
943692
943695
943698
943701
943704
943707
943710
943713
943716
943719
943722
943725
943728
943731
943734
943737
943749
943752
943755
943767
943770
943773
943776
943779
943782
943785
943788
943791
943794
943797
943800
943803
943806
943809
944298
944301
944304
944316
944319
944322
944334
944337
944340
944343
944346
944349
944352
944355
944358
944361
944364
944367
944370
944373
944376
944379
944382
944385
944397
944400
944403
944415
944418
944421
944424
944427
944430
944433
944436
944439
944442
944445
944448
944451
944454
944457
944460
944463
944466
944478
944481
944484
944496
944499
944502
944505
944508
944511
944514
944517
944520
944523
944526
944529
944532
944535
944538
1062882
1062883
1062884
1062885
1062886
1062887
1062888
1062889
1062890
1062891
1062892
1062894
1062895
1062897
1062898
1062900
1062902
1062903
1062905
1062906
1062908
1062909
1062912
1062915
1062918
1062921
1062924
1062936
1062939
1062942
1062954
1062957
1062960
1062963
1062964
1062965
1062966
1062967
1062968
1062969
1062970
1062971
1062972
1062973
1062975
1062976
1062978
1062979
1062981
1062983
1062984
1062986
1062987
1062989
1062990
1062993
1062996
1062999
1063002
1063005
1063017
1063020
1063023
1063035
1063038
1063041
1063044
1063045
1063046
1063047
1063048
1063049
1063050
1063051
1063052
1063053
1063054
1063056
1063057
1063059
1063060
1063062
1063064
1063065
1063067
1063068
1063070
1063071
1063074
1063077
1063080
1063083
1063086
1063098
1063101
1063104
1063116
1063119
1063122
1063125
1063126
1063127
1063128
1063129
1063130
1063131
1063132
1063133
1063134
1063135
1063137
1063138
1063140
1063141
1063143
1063145
1063146
1063148
1063149
1063151
1063152
1063155
1063158
1063161
1063164
1063167
1063179
1063182
1063185
1063197
1063200
1063203
1063206
1063207
1063208
1063209
1063210
1063211
1063212
1063213
1063214
1063215
1063216
1063218
1063219
1063221
1063222
1063224
1063226
1063227
1063229
1063230
1063232
1063233
1063236
1063239
1063242
1063245
1063248
1063260
1063263
1063266
1063278
1063281
1063284
1063287
1063288
1063289
1063290
1063291
1063292
1063293
1063294
1063295
1063296
1063297
1063299
1063300
1063302
1063303
1063305
1063307
1063308
1063310
1063311
1063313
1063314
1063317
1063320
1063323
1063326
1063329
1063341
1063344
1063347
1063359
1063362
1063365
1063368
1063369
1063370
1063371
1063372
1063373
1063374
1063375
1063376
1063377
1063378
1063380
1063381
1063383
1063384
1063386
1063388
1063389
1063391
1063392
1063394
1063395
1063398
1063401
1063404
1063407
1063410
1063422
1063425
1063428
1063440
1063443
1063446
1063449
1063450
1063451
1063452
1063453
1063454
1063455
1063456
1063457
1063458
1063459
1063461
1063462
1063464
1063465
1063467
1063469
1063470
1063472
1063473
1063475
1063476
1063479
1063482
1063485
1063488
1063491
1063503
1063506
1063509
1063521
1063524
1063527
1063530
1063531
1063532
1063533
1063534
1063535
1063536
1063537
1063538
1063539
1063540
1063542
1063543
1063545
1063546
1063548
1063550
1063551
1063553
1063554
1063556
1063557
1063560
1063563
1063566
1063569
1063572
1063584
1063587
1063590
1063602
1063605
1063608
1063611
1063614
1063617
1063620
1063623
1063626
1063629
1063632
1063635
1063638
1063641
1063644
1063647
1063650
1063653
1063665
1063668
1063671
1063683
1063686
1063689
1063692
1063695
1063698
1063701
1063704
1063707
1063710
1063713
1063716
1063719
1063722
1063725
1063728
1063731
1063734
1063746
1063749
1063752
1063764
1063767
1063770
1063773
1063776
1063779
1063782
1063785
1063788
1063791
1063794
1063797
1063800
1063803
1063806
1063809
1063812
1063815
1063827
1063830
1063833
1063845
1063848
1063851
1064340
1064343
1064346
1064349
1064352
1064355
1064358
1064361
1064364
1064367
1064370
1064373
1064376
1064379
1064382
1064394
1064397
1064400
1064412
1064415
1064418
1064421
1064424
1064427
1064430
1064433
1064436
1064439
1064442
1064445
1064448
1064451
1064454
1064457
1064460
1064463
1064475
1064478
1064481
1064493
1064496
1064499
1064502
1064505
1064508
1064511
1064514
1064517
1064520
1064523
1064526
1064529
1064532
1064535
1064538
1064541
1064544
1064556
1064559
1064562
1064574
1064577
1064580
1065069
1065072
1065075
1065078
1065081
1065084
1065096
1065098
1065099
1065101
1065102
1065104
1065105
1065106
1065107
1065108
1065109
1065110
1065111
1065112
1065113
1065114
1065115
1065117
1065118
1065120
1065121
1065132
1065135
1065138
1065141
1065144
1065147
1065150
1065153
1065156
1065159
1065162
1065165
1065177
1065179
1065180
1065182
1065183
1065185
1065186
1065187
1065188
1065189
1065190
1065191
1065192
1065193
1065194
1065195
1065196
1065198
1065199
1065201
1065202
1065213
1065216
1065219
1065222
1065225
1065228
1065231
1065234
1065237
1065240
1065243
1065246
1065258
1065260
1065261
1065263
1065264
1065266
1065267
1065268
1065269
1065270
1065271
1065272
1065273
1065274
1065275
1065276
1065277
1065279
1065280
1065282
1065283
1065294
1065297
1065300
1065303
1065306
1065309
1065312
1065315
1065318
1065321
1065324
1065327
1065339
1065341
1065342
1065344
1065345
1065347
1065348
1065349
1065350
1065351
1065352
1065353
1065354
1065355
1065356
1065357
1065358
1065360
1065361
1065363
1065364
1065375
1065378
1065381
1065384
1065387
1065390
1065393
1065396
1065399
1065402
1065405
1065408
1065420
1065422
1065423
1065425
1065426
1065428
1065429
1065430
1065431
1065432
1065433
1065434
1065435
1065436
1065437
1065438
1065439
1065441
1065442
1065444
1065445
1065456
1065459
1065462
1065465
1065468
1065471
1065474
1065477
1065480
1065483
1065486
1065489
1065501
1065503
1065504
1065506
1065507
1065509
1065510
1065511
1065512
1065513
1065514
1065515
1065516
1065517
1065518
1065519
1065520
1065522
1065523
1065525
1065526
1065537
1065540
1065543
1065546
1065549
1065552
1065555
1065558
1065561
1065564
1065567
1065570
1065582
1065584
1065585
1065587
1065588
1065590
1065591
1065592
1065593
1065594
1065595
1065596
1065597
1065598
1065599
1065600
1065601
1065603
1065604
1065606
1065607
1065618
1065621
1065624
1065627
1065630
1065633
1065636
1065639
1065642
1065645
1065648
1065651
1065663
1065665
1065666
1065668
1065669
1065671
1065672
1065673
1065674
1065675
1065676
1065677
1065678
1065679
1065680
1065681
1065682
1065684
1065685
1065687
1065688
1065699
1065702
1065705
1065708
1065711
1065714
1065717
1065720
1065723
1065726
1065729
1065732
1065744
1065746
1065747
1065749
1065750
1065752
1065753
1065754
1065755
1065756
1065757
1065758
1065759
1065760
1065761
1065762
1065763
1065765
1065766
1065768
1065769
1065780
1065783
1065786
1065789
1065792
1065795
1065798
1065801
1065804
1065807
1065810
1065813
1065825
1065828
1065831
1065834
1065837
1065840
1065843
1065846
1065849
1065861
1065864
1065867
1065870
1065873
1065876
1065879
1065882
1065885
1065888
1065891
1065894
1065906
1065909
1065912
1065915
1065918
1065921
1065924
1065927
1065930
1065942
1065945
1065948
1065951
1065954
1065957
1065960
1065963
1065966
1065969
1065972
1065975
1065987
1065990
1065993
1065996
1065999
1066002
1066005
1066008
1066011
1066023
1066026
1066029
1066032
1066035
1066038
1066527
1066530
1066533
1066536
1066539
1066542
1066554
1066557
1066560
1066563
1066566
1066569
1066572
1066575
1066578
1066590
1066593
1066596
1066599
1066602
1066605
1066608
1066611
1066614
1066617
1066620
1066623
1066635
1066638
1066641
1066644
1066647
1066650
1066653
1066656
1066659
1066671
1066674
1066677
1066680
1066683
1066686
1066689
1066692
1066695
1066698
1066701
1066704
1066716
1066719
1066722
1066725
1066728
1066731
1066734
1066737
1066740
1066752
1066755
1066758
1066761
1066764
1066767
1067256
1067259
1067262
1067274
1067277
1067280
1067292
1067295
1067298
1067301
1067304
1067307
1067310
1067311
1067313
1067314
1067316
1067317
1067319
1067321
1067322
1067324
1067325
1067327
1067328
1067329
1067330
1067331
1067332
1067333
1067334
1067335
1067336
1067337
1067340
1067343
1067355
1067358
1067361
1067373
1067376
1067379
1067382
1067385
1067388
1067391
1067392
1067394
1067395
1067397
1067398
1067400
1067402
1067403
1067405
1067406
1067408
1067409
1067410
1067411
1067412
1067413
1067414
1067415
1067416
1067417
1067418
1067421
1067424
1067436
1067439
1067442
1067454
1067457
1067460
1067463
1067466
1067469
1067472
1067473
1067475
1067476
1067478
1067479
1067481
1067483
1067484
1067486
1067487
1067489
1067490
1067491
1067492
1067493
1067494
1067495
1067496
1067497
1067498
1067499
1067502
1067505
1067517
1067520
1067523
1067535
1067538
1067541
1067544
1067547
1067550
1067553
1067554
1067556
1067557
1067559
1067560
1067562
1067564
1067565
1067567
1067568
1067570
1067571
1067572
1067573
1067574
1067575
1067576
1067577
1067578
1067579
1067580
1067583
1067586
1067598
1067601
1067604
1067616
1067619
1067622
1067625
1067628
1067631
1067634
1067635
1067637
1067638
1067640
1067641
1067643
1067645
1067646
1067648
1067649
1067651
1067652
1067653
1067654
1067655
1067656
1067657
1067658
1067659
1067660
1067661
1067664
1067667
1067679
1067682
1067685
1067697
1067700
1067703
1067706
1067709
1067712
1067715
1067716
1067718
1067719
1067721
1067722
1067724
1067726
1067727
1067729
1067730
1067732
1067733
1067734
1067735
1067736
1067737
1067738
1067739
1067740
1067741
1067742
1067745
1067748
1067760
1067763
1067766
1067778
1067781
1067784
1067787
1067790
1067793
1067796
1067797
1067799
1067800
1067802
1067803
1067805
1067807
1067808
1067810
1067811
1067813
1067814
1067815
1067816
1067817
1067818
1067819
1067820
1067821
1067822
1067823
1067826
1067829
1067841
1067844
1067847
1067859
1067862
1067865
1067868
1067871
1067874
1067877
1067878
1067880
1067881
1067883
1067884
1067886
1067888
1067889
1067891
1067892
1067894
1067895
1067896
1067897
1067898
1067899
1067900
1067901
1067902
1067903
1067904
1067907
1067910
1067922
1067925
1067928
1067940
1067943
1067946
1067949
1067952
1067955
1067958
1067959
1067961
1067962
1067964
1067965
1067967
1067969
1067970
1067972
1067973
1067975
1067976
1067977
1067978
1067979
1067980
1067981
1067982
1067983
1067984
1067985
1067988
1067991
1068003
1068006
1068009
1068021
1068024
1068027
1068030
1068033
1068036
1068039
1068042
1068045
1068048
1068051
1068054
1068057
1068060
1068063
1068066
1068069
1068072
1068084
1068087
1068090
1068102
1068105
1068108
1068111
1068114
1068117
1068120
1068123
1068126
1068129
1068132
1068135
1068138
1068141
1068144
1068147
1068150
1068153
1068165
1068168
1068171
1068183
1068186
1068189
1068192
1068195
1068198
1068201
1068204
1068207
1068210
1068213
1068216
1068219
1068222
1068225
1068714
1068717
1068720
1068732
1068735
1068738
1068750
1068753
1068756
1068759
1068762
1068765
1068768
1068771
1068774
1068777
1068780
1068783
1068786
1068789
1068792
1068795
1068798
1068801
1068813
1068816
1068819
1068831
1068834
1068837
1068840
1068843
1068846
1068849
1068852
1068855
1068858
1068861
1068864
1068867
1068870
1068873
1068876
1068879
1068882
1068894
1068897
1068900
1068912
1068915
1068918
1068921
1068924
1068927
1068930
1068933
1068936
1068939
1068942
1068945
1068948
1068951
1068954
1069443
1069444
1069445
1069446
1069447
1069448
1069449
1069450
1069451
1069452
1069453
1069455
1069456
1069458
1069459
1069461
1069463
1069464
1069466
1069467
1069469
1069470
1069473
1069476
1069479
1069482
1069485
1069497
1069500
1069503
1069515
1069518
1069521
1069524
1069525
1069526
1069527
1069528
1069529
1069530
1069531
1069532
1069533
1069534
1069536
1069537
1069539
1069540
1069542
1069544
1069545
1069547
1069548
1069550
1069551
1069554
1069557
1069560
1069563
1069566
1069578
1069581
1069584
1069596
1069599
1069602
1069605
1069606
1069607
1069608
1069609
1069610
1069611
1069612
1069613
1069614
1069615
1069617
1069618
1069620
1069621
1069623
1069625
1069626
1069628
1069629
1069631
1069632
1069635
1069638
1069641
1069644
1069647
1069659
1069662
1069665
1069677
1069680
1069683
1069929
1069930
1069931
1069932
1069933
1069934
1069935
1069936
1069937
1069938
1069939
1069941
1069942
1069944
1069945
1069947
1069949
1069950
1069952
1069953
1069955
1069956
1069959
1069962
1069965
1069968
1069971
1069983
1069986
1069989
1070001
1070004
1070007
1070010
1070011
1070012
1070013
1070014
1070015
1070016
1070017
1070018
1070019
1070020
1070022
1070023
1070025
1070026
1070028
1070030
1070031
1070033
1070034
1070036
1070037
1070040
1070043
1070046
1070049
1070052
1070064
1070067
1070070
1070082
1070085
1070088
1070091
1070092
1070093
1070094
1070095
1070096
1070097
1070098
1070099
1070100
1070101
1070103
1070104
1070106
1070107
1070109
1070111
1070112
1070114
1070115
1070117
1070118
1070121
1070124
1070127
1070130
1070133
1070145
1070148
1070151
1070163
1070166
1070169
1070658
1070661
1070664
1070667
1070670
1070673
1070676
1070679
1070682
1070685
1070688
1070691
1070694
1070697
1070700
1070712
1070715
1070718
1070730
1070733
1070736
1070739
1070742
1070745
1070748
1070751
1070754
1070757
1070760
1070763
1070766
1070769
1070772
1070775
1070778
1070781
1070793
1070796
1070799
1070811
1070814
1070817
1070820
1070823
1070826
1070829
1070832
1070835
1070838
1070841
1070844
1070847
1070850
1070853
1070856
1070859
1070862
1070874
1070877
1070880
1070892
1070895
1070898
1071387
1071390
1071393
1071396
1071399
1071402
1071405
1071408
1071411
1071414
1071417
1071420
1071423
1071426
1071429
1071441
1071444
1071447
1071459
1071462
1071465
1071468
1071471
1071474
1071477
1071480
1071483
1071486
1071489
1071492
1071495
1071498
1071501
1071504
1071507
1071510
1071522
1071525
1071528
1071540
1071543
1071546
1071549
1071552
1071555
1071558
1071561
1071564
1071567
1071570
1071573
1071576
1071579
1071582
1071585
1071588
1071591
1071603
1071606
1071609
1071621
1071624
1071627
1071630
1071633
1071636
1071639
1071642
1071645
1071657
1071659
1071660
1071662
1071663
1071665
1071666
1071667
1071668
1071669
1071670
1071671
1071672
1071673
1071674
1071675
1071676
1071678
1071679
1071681
1071682
1071693
1071696
1071699
1071702
1071705
1071708
1071711
1071714
1071717
1071720
1071723
1071726
1071738
1071740
1071741
1071743
1071744
1071746
1071747
1071748
1071749
1071750
1071751
1071752
1071753
1071754
1071755
1071756
1071757
1071759
1071760
1071762
1071763
1071774
1071777
1071780
1071783
1071786
1071789
1071792
1071795
1071798
1071801
1071804
1071807
1071819
1071821
1071822
1071824
1071825
1071827
1071828
1071829
1071830
1071831
1071832
1071833
1071834
1071835
1071836
1071837
1071838
1071840
1071841
1071843
1071844
1071855
1071858
1071861
1071864
1071867
1071870
1072116
1072119
1072122
1072125
1072128
1072131
1072143
1072145
1072146
1072148
1072149
1072151
1072152
1072153
1072154
1072155
1072156
1072157
1072158
1072159
1072160
1072161
1072162
1072164
1072165
1072167
1072168
1072179
1072182
1072185
1072188
1072191
1072194
1072197
1072200
1072203
1072206
1072209
1072212
1072224
1072226
1072227
1072229
1072230
1072232
1072233
1072234
1072235
1072236
1072237
1072238
1072239
1072240
1072241
1072242
1072243
1072245
1072246
1072248
1072249
1072260
1072263
1072266
1072269
1072272
1072275
1072278
1072281
1072284
1072287
1072290
1072293
1072305
1072307
1072308
1072310
1072311
1072313
1072314
1072315
1072316
1072317
1072318
1072319
1072320
1072321
1072322
1072323
1072324
1072326
1072327
1072329
1072330
1072341
1072344
1072347
1072350
1072353
1072356
1072845
1072848
1072851
1072854
1072857
1072860
1072872
1072875
1072878
1072881
1072884
1072887
1072890
1072893
1072896
1072908
1072911
1072914
1072917
1072920
1072923
1072926
1072929
1072932
1072935
1072938
1072941
1072953
1072956
1072959
1072962
1072965
1072968
1072971
1072974
1072977
1072989
1072992
1072995
1072998
1073001
1073004
1073007
1073010
1073013
1073016
1073019
1073022
1073034
1073037
1073040
1073043
1073046
1073049
1073052
1073055
1073058
1073070
1073073
1073076
1073079
1073082
1073085
1073574
1073577
1073580
1073583
1073586
1073589
1073601
1073604
1073607
1073610
1073613
1073616
1073619
1073622
1073625
1073637
1073640
1073643
1073646
1073649
1073652
1073655
1073658
1073661
1073664
1073667
1073670
1073682
1073685
1073688
1073691
1073694
1073697
1073700
1073703
1073706
1073718
1073721
1073724
1073727
1073730
1073733
1073736
1073739
1073742
1073745
1073748
1073751
1073763
1073766
1073769
1073772
1073775
1073778
1073781
1073784
1073787
1073799
1073802
1073805
1073808
1073811
1073814
1073817
1073820
1073823
1073835
1073838
1073841
1073853
1073856
1073859
1073862
1073865
1073868
1073871
1073872
1073874
1073875
1073877
1073878
1073880
1073882
1073883
1073885
1073886
1073888
1073889
1073890
1073891
1073892
1073893
1073894
1073895
1073896
1073897
1073898
1073901
1073904
1073916
1073919
1073922
1073934
1073937
1073940
1073943
1073946
1073949
1073952
1073953
1073955
1073956
1073958
1073959
1073961
1073963
1073964
1073966
1073967
1073969
1073970
1073971
1073972
1073973
1073974
1073975
1073976
1073977
1073978
1073979
1073982
1073985
1073997
1074000
1074003
1074015
1074018
1074021
1074024
1074027
1074030
1074033
1074034
1074036
1074037
1074039
1074040
1074042
1074044
1074045
1074047
1074048
1074050
1074051
1074052
1074053
1074054
1074055
1074056
1074057
1074058
1074059
1074303
1074306
1074309
1074321
1074324
1074327
1074339
1074342
1074345
1074348
1074351
1074354
1074357
1074358
1074360
1074361
1074363
1074364
1074366
1074368
1074369
1074371
1074372
1074374
1074375
1074376
1074377
1074378
1074379
1074380
1074381
1074382
1074383
1074384
1074387
1074390
1074402
1074405
1074408
1074420
1074423
1074426
1074429
1074432
1074435
1074438
1074439
1074441
1074442
1074444
1074445
1074447
1074449
1074450
1074452
1074453
1074455
1074456
1074457
1074458
1074459
1074460
1074461
1074462
1074463
1074464
1074465
1074468
1074471
1074483
1074486
1074489
1074501
1074504
1074507
1074510
1074513
1074516
1074519
1074520
1074522
1074523
1074525
1074526
1074528
1074530
1074531
1074533
1074534
1074536
1074537
1074538
1074539
1074540
1074541
1074542
1074543
1074544
1074545
1075032
1075035
1075038
1075050
1075053
1075056
1075068
1075071
1075074
1075077
1075080
1075083
1075086
1075089
1075092
1075095
1075098
1075101
1075104
1075107
1075110
1075113
1075116
1075119
1075131
1075134
1075137
1075149
1075152
1075155
1075158
1075161
1075164
1075167
1075170
1075173
1075176
1075179
1075182
1075185
1075188
1075191
1075194
1075197
1075200
1075212
1075215
1075218
1075230
1075233
1075236
1075239
1075242
1075245
1075248
1075251
1075254
1075257
1075260
1075263
1075266
1075269
1075272
1075761
1075764
1075767
1075779
1075782
1075785
1075797
1075800
1075803
1075806
1075809
1075812
1075815
1075818
1075821
1075824
1075827
1075830
1075833
1075836
1075839
1075842
1075845
1075848
1075860
1075863
1075866
1075878
1075881
1075884
1075887
1075890
1075893
1075896
1075899
1075902
1075905
1075908
1075911
1075914
1075917
1075920
1075923
1075926
1075929
1075941
1075944
1075947
1075959
1075962
1075965
1075968
1075971
1075974
1075977
1075980
1075983
1075986
1075989
1075992
1075995
1075998
1076001
1076004
1076005
1076006
1076007
1076008
1076009
1076010
1076011
1076012
1076013
1076014
1076016
1076017
1076019
1076020
1076022
1076024
1076025
1076027
1076028
1076030
1076031
1076034
1076037
1076040
1076043
1076046
1076058
1076061
1076064
1076076
1076079
1076082
1076085
1076086
1076087
1076088
1076089
1076090
1076091
1076092
1076093
1076094
1076095
1076097
1076098
1076100
1076101
1076103
1076105
1076106
1076108
1076109
1076111
1076112
1076115
1076118
1076121
1076124
1076127
1076139
1076142
1076145
1076157
1076160
1076163
1076166
1076167
1076168
1076169
1076170
1076171
1076172
1076173
1076174
1076175
1076176
1076178
1076179
1076181
1076182
1076184
1076186
1076187
1076189
1076190
1076192
1076193
1076196
1076199
1076202
1076205
1076208
1076220
1076223
1076226
1076238
1076241
1076244
1076247
1076248
1076249
1076250
1076251
1076252
1076253
1076254
1076255
1076256
1076257
1076259
1076260
1076262
1076263
1076265
1076267
1076268
1076270
1076271
1076273
1076274
1076277
1076280
1076283
1076286
1076289
1076301
1076304
1076307
1076319
1076322
1076325
1076328
1076329
1076330
1076331
1076332
1076333
1076334
1076335
1076336
1076337
1076338
1076340
1076341
1076343
1076344
1076346
1076348
1076349
1076351
1076352
1076354
1076355
1076358
1076361
1076364
1076367
1076370
1076382
1076385
1076388
1076400
1076403
1076406
1076409
1076410
1076411
1076412
1076413
1076414
1076415
1076416
1076417
1076418
1076419
1076421
1076422
1076424
1076425
1076427
1076429
1076430
1076432
1076433
1076435
1076436
1076439
1076442
1076445
1076448
1076451
1076463
1076466
1076469
1076481
1076484
1076487
1076976
1076979
1076982
1076985
1076988
1076991
1076994
1076997
1077000
1077003
1077006
1077009
1077012
1077015
1077018
1077030
1077033
1077036
1077048
1077051
1077054
1077057
1077060
1077063
1077066
1077069
1077072
1077075
1077078
1077081
1077084
1077087
1077090
1077093
1077096
1077099
1077111
1077114
1077117
1077129
1077132
1077135
1077138
1077141
1077144
1077147
1077150
1077153
1077156
1077159
1077162
1077165
1077168
1077171
1077174
1077177
1077180
1077192
1077195
1077198
1077210
1077213
1077216
1077705
1077708
1077711
1077714
1077717
1077720
1077723
1077726
1077729
1077732
1077735
1077738
1077741
1077744
1077747
1077759
1077762
1077765
1077777
1077780
1077783
1077786
1077789
1077792
1077795
1077798
1077801
1077804
1077807
1077810
1077813
1077816
1077819
1077822
1077825
1077828
1077840
1077843
1077846
1077858
1077861
1077864
1077867
1077870
1077873
1077876
1077879
1077882
1077885
1077888
1077891
1077894
1077897
1077900
1077903
1077906
1077909
1077921
1077924
1077927
1077939
1077942
1077945
1078191
1078194
1078197
1078200
1078203
1078206
1078218
1078220
1078221
1078223
1078224
1078226
1078227
1078228
1078229
1078230
1078231
1078232
1078233
1078234
1078235
1078236
1078237
1078239
1078240
1078242
1078243
1078254
1078257
1078260
1078263
1078266
1078269
1078272
1078275
1078278
1078281
1078284
1078287
1078299
1078301
1078302
1078304
1078305
1078307
1078308
1078309
1078310
1078311
1078312
1078313
1078314
1078315
1078316
1078317
1078318
1078320
1078321
1078323
1078324
1078335
1078338
1078341
1078344
1078347
1078350
1078353
1078356
1078359
1078362
1078365
1078368
1078380
1078382
1078383
1078385
1078386
1078388
1078389
1078390
1078391
1078392
1078393
1078394
1078395
1078396
1078397
1078398
1078399
1078401
1078402
1078404
1078405
1078416
1078419
1078422
1078425
1078428
1078431
1078434
1078437
1078440
1078443
1078446
1078449
1078461
1078463
1078464
1078466
1078467
1078469
1078470
1078471
1078472
1078473
1078474
1078475
1078476
1078477
1078478
1078479
1078480
1078482
1078483
1078485
1078486
1078497
1078500
1078503
1078506
1078509
1078512
1078515
1078518
1078521
1078524
1078527
1078530
1078542
1078544
1078545
1078547
1078548
1078550
1078551
1078552
1078553
1078554
1078555
1078556
1078557
1078558
1078559
1078560
1078561
1078563
1078564
1078566
1078567
1078578
1078581
1078584
1078587
1078590
1078593
1078596
1078599
1078602
1078605
1078608
1078611
1078623
1078625
1078626
1078628
1078629
1078631
1078632
1078633
1078634
1078635
1078636
1078637
1078638
1078639
1078640
1078641
1078642
1078644
1078645
1078647
1078648
1078659
1078662
1078665
1078668
1078671
1078674
1079163
1079166
1079169
1079172
1079175
1079178
1079190
1079193
1079196
1079199
1079202
1079205
1079208
1079211
1079214
1079226
1079229
1079232
1079235
1079238
1079241
1079244
1079247
1079250
1079253
1079256
1079259
1079271
1079274
1079277
1079280
1079283
1079286
1079289
1079292
1079295
1079307
1079310
1079313
1079316
1079319
1079322
1079325
1079328
1079331
1079334
1079337
1079340
1079352
1079355
1079358
1079361
1079364
1079367
1079370
1079373
1079376
1079388
1079391
1079394
1079397
1079400
1079403
1079892
1079895
1079898
1079901
1079904
1079907
1079919
1079922
1079925
1079928
1079931
1079934
1079937
1079940
1079943
1079955
1079958
1079961
1079964
1079967
1079970
1079973
1079976
1079979
1079982
1079985
1079988
1080000
1080003
1080006
1080009
1080012
1080015
1080018
1080021
1080024
1080036
1080039
1080042
1080045
1080048
1080051
1080054
1080057
1080060
1080063
1080066
1080069
1080081
1080084
1080087
1080090
1080093
1080096
1080099
1080102
1080105
1080117
1080120
1080123
1080126
1080129
1080132
1080378
1080381
1080384
1080396
1080399
1080402
1080414
1080417
1080420
1080423
1080426
1080429
1080432
1080433
1080435
1080436
1080438
1080439
1080441
1080443
1080444
1080446
1080447
1080449
1080450
1080451
1080452
1080453
1080454
1080455
1080456
1080457
1080458
1080459
1080462
1080465
1080477
1080480
1080483
1080495
1080498
1080501
1080504
1080507
1080510
1080513
1080514
1080516
1080517
1080519
1080520
1080522
1080524
1080525
1080527
1080528
1080530
1080531
1080532
1080533
1080534
1080535
1080536
1080537
1080538
1080539
1080540
1080543
1080546
1080558
1080561
1080564
1080576
1080579
1080582
1080585
1080588
1080591
1080594
1080595
1080597
1080598
1080600
1080601
1080603
1080605
1080606
1080608
1080609
1080611
1080612
1080613
1080614
1080615
1080616
1080617
1080618
1080619
1080620
1080621
1080624
1080627
1080639
1080642
1080645
1080657
1080660
1080663
1080666
1080669
1080672
1080675
1080676
1080678
1080679
1080681
1080682
1080684
1080686
1080687
1080689
1080690
1080692
1080693
1080694
1080695
1080696
1080697
1080698
1080699
1080700
1080701
1080702
1080705
1080708
1080720
1080723
1080726
1080738
1080741
1080744
1080747
1080750
1080753
1080756
1080757
1080759
1080760
1080762
1080763
1080765
1080767
1080768
1080770
1080771
1080773
1080774
1080775
1080776
1080777
1080778
1080779
1080780
1080781
1080782
1080783
1080786
1080789
1080801
1080804
1080807
1080819
1080822
1080825
1080828
1080831
1080834
1080837
1080838
1080840
1080841
1080843
1080844
1080846
1080848
1080849
1080851
1080852
1080854
1080855
1080856
1080857
1080858
1080859
1080860
1080861
1080862
1080863
1081350
1081353
1081356
1081368
1081371
1081374
1081386
1081389
1081392
1081395
1081398
1081401
1081404
1081407
1081410
1081413
1081416
1081419
1081422
1081425
1081428
1081431
1081434
1081437
1081449
1081452
1081455
1081467
1081470
1081473
1081476
1081479
1081482
1081485
1081488
1081491
1081494
1081497
1081500
1081503
1081506
1081509
1081512
1081515
1081518
1081530
1081533
1081536
1081548
1081551
1081554
1081557
1081560
1081563
1081566
1081569
1081572
1081575
1081578
1081581
1081584
1081587
1081590
1082079
1082082
1082085
1082097
1082100
1082103
1082115
1082118
1082121
1082124
1082127
1082130
1082133
1082136
1082139
1082142
1082145
1082148
1082151
1082154
1082157
1082160
1082163
1082166
1082178
1082181
1082184
1082196
1082199
1082202
1082205
1082208
1082211
1082214
1082217
1082220
1082223
1082226
1082229
1082232
1082235
1082238
1082241
1082244
1082247
1082259
1082262
1082265
1082277
1082280
1082283
1082286
1082289
1082292
1082295
1082298
1082301
1082304
1082307
1082310
1082313
1082316
1082319
1082565
1082566
1082567
1082568
1082569
1082570
1082571
1082572
1082573
1082574
1082575
1082577
1082578
1082580
1082581
1082583
1082585
1082586
1082588
1082589
1082591
1082592
1082595
1082598
1082601
1082604
1082607
1082619
1082622
1082625
1082637
1082640
1082643
1082646
1082647
1082648
1082649
1082650
1082651
1082652
1082653
1082654
1082655
1082656
1082658
1082659
1082661
1082662
1082664
1082666
1082667
1082669
1082670
1082672
1082673
1082676
1082679
1082682
1082685
1082688
1082700
1082703
1082706
1082718
1082721
1082724
1082727
1082728
1082729
1082730
1082731
1082732
1082733
1082734
1082735
1082736
1082737
1082739
1082740
1082742
1082743
1082745
1082747
1082748
1082750
1082751
1082753
1082754
1082757
1082760
1082763
1082766
1082769
1082781
1082784
1082787
1082799
1082802
1082805
1083294
1083297
1083300
1083303
1083306
1083309
1083312
1083315
1083318
1083321
1083324
1083327
1083330
1083333
1083336
1083348
1083351
1083354
1083366
1083369
1083372
1083375
1083378
1083381
1083384
1083387
1083390
1083393
1083396
1083399
1083402
1083405
1083408
1083411
1083414
1083417
1083429
1083432
1083435
1083447
1083450
1083453
1083456
1083459
1083462
1083465
1083468
1083471
1083474
1083477
1083480
1083483
1083486
1083489
1083492
1083495
1083498
1083510
1083513
1083516
1083528
1083531
1083534
1084023
1084026
1084029
1084032
1084035
1084038
1084041
1084044
1084047
1084050
1084053
1084056
1084059
1084062
1084065
1084077
1084080
1084083
1084095
1084098
1084101
1084104
1084107
1084110
1084113
1084116
1084119
1084122
1084125
1084128
1084131
1084134
1084137
1084140
1084143
1084146
1084158
1084161
1084164
1084176
1084179
1084182
1084185
1084188
1084191
1084194
1084197
1084200
1084203
1084206
1084209
1084212
1084215
1084218
1084221
1084224
1084227
1084239
1084242
1084245
1084257
1084260
1084263
1084752
1084755
1084758
1084761
1084764
1084767
1084779
1084781
1084782
1084784
1084785
1084787
1084788
1084789
1084790
1084791
1084792
1084793
1084794
1084795
1084796
1084797
1084798
1084800
1084801
1084803
1084804
1084815
1084818
1084821
1084824
1084827
1084830
1084833
1084836
1084839
1084842
1084845
1084848
1084860
1084862
1084863
1084865
1084866
1084868
1084869
1084870
1084871
1084872
1084873
1084874
1084875
1084876
1084877
1084878
1084879
1084881
1084882
1084884
1084885
1084896
1084899
1084902
1084905
1084908
1084911
1084914
1084917
1084920
1084923
1084926
1084929
1084941
1084943
1084944
1084946
1084947
1084949
1084950
1084951
1084952
1084953
1084954
1084955
1084956
1084957
1084958
1084959
1084960
1084962
1084963
1084965
1084966
1084977
1084980
1084983
1084986
1084989
1084992
1085481
1085484
1085487
1085490
1085493
1085496
1085508
1085511
1085514
1085517
1085520
1085523
1085526
1085529
1085532
1085544
1085547
1085550
1085553
1085556
1085559
1085562
1085565
1085568
1085571
1085574
1085577
1085589
1085592
1085595
1085598
1085601
1085604
1085607
1085610
1085613
1085625
1085628
1085631
1085634
1085637
1085640
1085643
1085646
1085649
1085652
1085655
1085658
1085670
1085673
1085676
1085679
1085682
1085685
1085688
1085691
1085694
1085706
1085709
1085712
1085715
1085718
1085721
1086210
1086213
1086216
1086219
1086222
1086225
1086237
1086240
1086243
1086246
1086249
1086252
1086255
1086258
1086261
1086273
1086276
1086279
1086282
1086285
1086288
1086291
1086294
1086297
1086300
1086303
1086306
1086318
1086321
1086324
1086327
1086330
1086333
1086336
1086339
1086342
1086354
1086357
1086360
1086363
1086366
1086369
1086372
1086375
1086378
1086381
1086384
1086387
1086399
1086402
1086405
1086408
1086411
1086414
1086417
1086420
1086423
1086435
1086438
1086441
1086444
1086447
1086450
1086939
1086942
1086945
1086957
1086960
1086963
1086975
1086978
1086981
1086984
1086987
1086990
1086993
1086994
1086996
1086997
1086999
1087000
1087002
1087004
1087005
1087007
1087008
1087010
1087011
1087012
1087013
1087014
1087015
1087016
1087017
1087018
1087019
1087020
1087023
1087026
1087038
1087041
1087044
1087056
1087059
1087062
1087065
1087068
1087071
1087074
1087075
1087077
1087078
1087080
1087081
1087083
1087085
1087086
1087088
1087089
1087091
1087092
1087093
1087094
1087095
1087096
1087097
1087098
1087099
1087100
1087101
1087104
1087107
1087119
1087122
1087125
1087137
1087140
1087143
1087146
1087149
1087152
1087155
1087156
1087158
1087159
1087161
1087162
1087164
1087166
1087167
1087169
1087170
1087172
1087173
1087174
1087175
1087176
1087177
1087178
1087179
1087180
1087181
1087668
1087671
1087674
1087686
1087689
1087692
1087704
1087707
1087710
1087713
1087716
1087719
1087722
1087725
1087728
1087731
1087734
1087737
1087740
1087743
1087746
1087749
1087752
1087755
1087767
1087770
1087773
1087785
1087788
1087791
1087794
1087797
1087800
1087803
1087806
1087809
1087812
1087815
1087818
1087821
1087824
1087827
1087830
1087833
1087836
1087848
1087851
1087854
1087866
1087869
1087872
1087875
1087878
1087881
1087884
1087887
1087890
1087893
1087896
1087899
1087902
1087905
1087908
1088397
1088400
1088403
1088415
1088418
1088421
1088433
1088436
1088439
1088442
1088445
1088448
1088451
1088454
1088457
1088460
1088463
1088466
1088469
1088472
1088475
1088478
1088481
1088484
1088496
1088499
1088502
1088514
1088517
1088520
1088523
1088526
1088529
1088532
1088535
1088538
1088541
1088544
1088547
1088550
1088553
1088556
1088559
1088562
1088565
1088577
1088580
1088583
1088595
1088598
1088601
1088604
1088607
1088610
1088613
1088616
1088619
1088622
1088625
1088628
1088631
1088634
1088637
1089612
1089613
1089614
1089615
1089616
1089617
1089618
1089619
1089620
1089621
1089622
1089624
1089625
1089627
1089628
1089630
1089632
1089633
1089635
1089636
1089638
1089639
1089642
1089645
1089648
1089651
1089654
1089666
1089669
1089672
1089684
1089687
1089690
1089693
1089694
1089695
1089696
1089697
1089698
1089699
1089700
1089701
1089702
1089703
1089705
1089706
1089708
1089709
1089711
1089713
1089714
1089716
1089717
1089719
1089720
1089723
1089726
1089729
1089732
1089735
1089747
1089750
1089753
1089765
1089768
1089771
1089774
1089775
1089776
1089777
1089778
1089779
1089780
1089781
1089782
1089783
1089784
1089786
1089787
1089789
1089790
1089792
1089794
1089795
1089797
1089798
1089800
1089801
1089804
1089807
1089810
1089813
1089816
1089828
1089831
1089834
1089846
1089849
1089852
1090341
1090344
1090347
1090350
1090353
1090356
1090359
1090362
1090365
1090368
1090371
1090374
1090377
1090380
1090383
1090395
1090398
1090401
1090413
1090416
1090419
1090422
1090425
1090428
1090431
1090434
1090437
1090440
1090443
1090446
1090449
1090452
1090455
1090458
1090461
1090464
1090476
1090479
1090482
1090494
1090497
1090500
1090503
1090506
1090509
1090512
1090515
1090518
1090521
1090524
1090527
1090530
1090533
1090536
1090539
1090542
1090545
1090557
1090560
1090563
1090575
1090578
1090581
1091070
1091073
1091076
1091079
1091082
1091085
1091088
1091091
1091094
1091097
1091100
1091103
1091106
1091109
1091112
1091124
1091127
1091130
1091142
1091145
1091148
1091151
1091154
1091157
1091160
1091163
1091166
1091169
1091172
1091175
1091178
1091181
1091184
1091187
1091190
1091193
1091205
1091208
1091211
1091223
1091226
1091229
1091232
1091235
1091238
1091241
1091244
1091247
1091250
1091253
1091256
1091259
1091262
1091265
1091268
1091271
1091274
1091286
1091289
1091292
1091304
1091307
1091310
1091799
1091802
1091805
1091808
1091811
1091814
1091826
1091828
1091829
1091831
1091832
1091834
1091835
1091836
1091837
1091838
1091839
1091840
1091841
1091842
1091843
1091844
1091845
1091847
1091848
1091850
1091851
1091862
1091865
1091868
1091871
1091874
1091877
1091880
1091883
1091886
1091889
1091892
1091895
1091907
1091909
1091910
1091912
1091913
1091915
1091916
1091917
1091918
1091919
1091920
1091921
1091922
1091923
1091924
1091925
1091926
1091928
1091929
1091931
1091932
1091943
1091946
1091949
1091952
1091955
1091958
1091961
1091964
1091967
1091970
1091973
1091976
1091988
1091990
1091991
1091993
1091994
1091996
1091997
1091998
1091999
1092000
1092001
1092002
1092003
1092004
1092005
1092006
1092007
1092009
1092010
1092012
1092013
1092024
1092027
1092030
1092033
1092036
1092039
1092528
1092531
1092534
1092537
1092540
1092543
1092555
1092558
1092561
1092564
1092567
1092570
1092573
1092576
1092579
1092591
1092594
1092597
1092600
1092603
1092606
1092609
1092612
1092615
1092618
1092621
1092624
1092636
1092639
1092642
1092645
1092648
1092651
1092654
1092657
1092660
1092672
1092675
1092678
1092681
1092684
1092687
1092690
1092693
1092696
1092699
1092702
1092705
1092717
1092720
1092723
1092726
1092729
1092732
1092735
1092738
1092741
1092753
1092756
1092759
1092762
1092765
1092768
1093257
1093260
1093263
1093266
1093269
1093272
1093284
1093287
1093290
1093293
1093296
1093299
1093302
1093305
1093308
1093320
1093323
1093326
1093329
1093332
1093335
1093338
1093341
1093344
1093347
1093350
1093353
1093365
1093368
1093371
1093374
1093377
1093380
1093383
1093386
1093389
1093401
1093404
1093407
1093410
1093413
1093416
1093419
1093422
1093425
1093428
1093431
1093434
1093446
1093449
1093452
1093455
1093458
1093461
1093464
1093467
1093470
1093482
1093485
1093488
1093491
1093494
1093497
1093986
1093989
1093992
1094004
1094007
1094010
1094022
1094025
1094028
1094031
1094034
1094037
1094040
1094041
1094043
1094044
1094046
1094047
1094049
1094051
1094052
1094054
1094055
1094057
1094058
1094059
1094060
1094061
1094062
1094063
1094064
1094065
1094066
1094067
1094070
1094073
1094085
1094088
1094091
1094103
1094106
1094109
1094112
1094115
1094118
1094121
1094122
1094124
1094125
1094127
1094128
1094130
1094132
1094133
1094135
1094136
1094138
1094139
1094140
1094141
1094142
1094143
1094144
1094145
1094146
1094147
1094148
1094151
1094154
1094166
1094169
1094172
1094184
1094187
1094190
1094193
1094196
1094199
1094202
1094203
1094205
1094206
1094208
1094209
1094211
1094213
1094214
1094216
1094217
1094219
1094220
1094221
1094222
1094223
1094224
1094225
1094226
1094227
1094228
1094715
1094718
1094721
1094733
1094736
1094739
1094751
1094754
1094757
1094760
1094763
1094766
1094769
1094772
1094775
1094778
1094781
1094784
1094787
1094790
1094793
1094796
1094799
1094802
1094814
1094817
1094820
1094832
1094835
1094838
1094841
1094844
1094847
1094850
1094853
1094856
1094859
1094862
1094865
1094868
1094871
1094874
1094877
1094880
1094883
1094895
1094898
1094901
1094913
1094916
1094919
1094922
1094925
1094928
1094931
1094934
1094937
1094940
1094943
1094946
1094949
1094952
1094955
1095444
1095447
1095450
1095462
1095465
1095468
1095480
1095483
1095486
1095489
1095492
1095495
1095498
1095501
1095504
1095507
1095510
1095513
1095516
1095519
1095522
1095525
1095528
1095531
1095543
1095546
1095549
1095561
1095564
1095567
1095570
1095573
1095576
1095579
1095582
1095585
1095588
1095591
1095594
1095597
1095600
1095603
1095606
1095609
1095612
1095624
1095627
1095630
1095642
1095645
1095648
1095651
1095654
1095657
1095660
1095663
1095666
1095669
1095672
1095675
1095678
1095681
1095684
1102248
1102249
1102250
1102251
1102252
1102253
1102254
1102255
1102256
1102257
1102258
1102260
1102261
1102263
1102264
1102266
1102268
1102269
1102271
1102272
1102274
1102275
1102278
1102281
1102284
1102287
1102290
1102302
1102305
1102308
1102320
1102323
1102326
1102329
1102330
1102331
1102332
1102333
1102334
1102335
1102336
1102337
1102338
1102339
1102341
1102342
1102344
1102345
1102347
1102349
1102350
1102352
1102353
1102355
1102356
1102359
1102362
1102365
1102368
1102371
1102383
1102386
1102389
1102401
1102404
1102407
1102410
1102411
1102412
1102413
1102414
1102415
1102416
1102417
1102418
1102419
1102420
1102422
1102423
1102425
1102426
1102428
1102430
1102431
1102433
1102434
1102436
1102437
1102440
1102443
1102446
1102449
1102452
1102464
1102467
1102470
1102482
1102485
1102488
1102977
1102980
1102983
1102986
1102989
1102992
1102995
1102998
1103001
1103004
1103007
1103010
1103013
1103016
1103019
1103031
1103034
1103037
1103049
1103052
1103055
1103058
1103061
1103064
1103067
1103070
1103073
1103076
1103079
1103082
1103085
1103088
1103091
1103094
1103097
1103100
1103112
1103115
1103118
1103130
1103133
1103136
1103139
1103142
1103145
1103148
1103151
1103154
1103157
1103160
1103163
1103166
1103169
1103172
1103175
1103178
1103181
1103193
1103196
1103199
1103211
1103214
1103217
1103706
1103709
1103712
1103715
1103718
1103721
1103724
1103727
1103730
1103733
1103736
1103739
1103742
1103745
1103748
1103760
1103763
1103766
1103778
1103781
1103784
1103787
1103790
1103793
1103796
1103799
1103802
1103805
1103808
1103811
1103814
1103817
1103820
1103823
1103826
1103829
1103841
1103844
1103847
1103859
1103862
1103865
1103868
1103871
1103874
1103877
1103880
1103883
1103886
1103889
1103892
1103895
1103898
1103901
1103904
1103907
1103910
1103922
1103925
1103928
1103940
1103943
1103946
1104435
1104438
1104441
1104444
1104447
1104450
1104462
1104464
1104465
1104467
1104468
1104470
1104471
1104472
1104473
1104474
1104475
1104476
1104477
1104478
1104479
1104480
1104481
1104483
1104484
1104486
1104487
1104498
1104501
1104504
1104507
1104510
1104513
1104516
1104519
1104522
1104525
1104528
1104531
1104543
1104545
1104546
1104548
1104549
1104551
1104552
1104553
1104554
1104555
1104556
1104557
1104558
1104559
1104560
1104561
1104562
1104564
1104565
1104567
1104568
1104579
1104582
1104585
1104588
1104591
1104594
1104597
1104600
1104603
1104606
1104609
1104612
1104624
1104626
1104627
1104629
1104630
1104632
1104633
1104634
1104635
1104636
1104637
1104638
1104639
1104640
1104641
1104642
1104643
1104645
1104646
1104648
1104649
1104660
1104663
1104666
1104669
1104672
1104675
1105164
1105167
1105170
1105173
1105176
1105179
1105191
1105194
1105197
1105200
1105203
1105206
1105209
1105212
1105215
1105227
1105230
1105233
1105236
1105239
1105242
1105245
1105248
1105251
1105254
1105257
1105260
1105272
1105275
1105278
1105281
1105284
1105287
1105290
1105293
1105296
1105308
1105311
1105314
1105317
1105320
1105323
1105326
1105329
1105332
1105335
1105338
1105341
1105353
1105356
1105359
1105362
1105365
1105368
1105371
1105374
1105377
1105389
1105392
1105395
1105398
1105401
1105404
1105893
1105896
1105899
1105902
1105905
1105908
1105920
1105923
1105926
1105929
1105932
1105935
1105938
1105941
1105944
1105956
1105959
1105962
1105965
1105968
1105971
1105974
1105977
1105980
1105983
1105986
1105989
1106001
1106004
1106007
1106010
1106013
1106016
1106019
1106022
1106025
1106037
1106040
1106043
1106046
1106049
1106052
1106055
1106058
1106061
1106064
1106067
1106070
1106082
1106085
1106088
1106091
1106094
1106097
1106100
1106103
1106106
1106118
1106121
1106124
1106127
1106130
1106133
1106622
1106625
1106628
1106640
1106643
1106646
1106658
1106661
1106664
1106667
1106670
1106673
1106676
1106677
1106679
1106680
1106682
1106683
1106685
1106687
1106688
1106690
1106691
1106693
1106694
1106695
1106696
1106697
1106698
1106699
1106700
1106701
1106702
1106703
1106706
1106709
1106721
1106724
1106727
1106739
1106742
1106745
1106748
1106751
1106754
1106757
1106758
1106760
1106761
1106763
1106764
1106766
1106768
1106769
1106771
1106772
1106774
1106775
1106776
1106777
1106778
1106779
1106780
1106781
1106782
1106783
1106784
1106787
1106790
1106802
1106805
1106808
1106820
1106823
1106826
1106829
1106832
1106835
1106838
1106839
1106841
1106842
1106844
1106845
1106847
1106849
1106850
1106852
1106853
1106855
1106856
1106857
1106858
1106859
1106860
1106861
1106862
1106863
1106864
1107351
1107354
1107357
1107369
1107372
1107375
1107387
1107390
1107393
1107396
1107399
1107402
1107405
1107408
1107411
1107414
1107417
1107420
1107423
1107426
1107429
1107432
1107435
1107438
1107450
1107453
1107456
1107468
1107471
1107474
1107477
1107480
1107483
1107486
1107489
1107492
1107495
1107498
1107501
1107504
1107507
1107510
1107513
1107516
1107519
1107531
1107534
1107537
1107549
1107552
1107555
1107558
1107561
1107564
1107567
1107570
1107573
1107576
1107579
1107582
1107585
1107588
1107591
1108080
1108083
1108086
1108098
1108101
1108104
1108116
1108119
1108122
1108125
1108128
1108131
1108134
1108137
1108140
1108143
1108146
1108149
1108152
1108155
1108158
1108161
1108164
1108167
1108179
1108182
1108185
1108197
1108200
1108203
1108206
1108209
1108212
1108215
1108218
1108221
1108224
1108227
1108230
1108233
1108236
1108239
1108242
1108245
1108248
1108260
1108263
1108266
1108278
1108281
1108284
1108287
1108290
1108293
1108296
1108299
1108302
1108305
1108308
1108311
1108314
1108317
1108320
1115613
1115614
1115615
1115616
1115617
1115618
1115619
1115620
1115621
1115622
1115623
1115625
1115626
1115628
1115629
1115631
1115633
1115634
1115636
1115637
1115639
1115640
1115643
1115646
1115649
1115652
1115655
1115667
1115670
1115673
1115685
1115688
1115691
1115694
1115695
1115696
1115697
1115698
1115699
1115700
1115701
1115702
1115703
1115704
1115706
1115707
1115709
1115710
1115712
1115714
1115715
1115717
1115718
1115720
1115721
1115724
1115727
1115730
1115733
1115736
1115748
1115751
1115754
1115766
1115769
1115772
1115775
1115776
1115777
1115778
1115779
1115780
1115781
1115782
1115783
1115784
1115785
1115787
1115788
1115790
1115791
1115793
1115795
1115796
1115798
1115799
1115801
1115802
1115805
1115808
1115811
1115814
1115817
1115829
1115832
1115835
1115847
1115850
1115853
1116342
1116345
1116348
1116351
1116354
1116357
1116360
1116363
1116366
1116369
1116372
1116375
1116378
1116381
1116384
1116396
1116399
1116402
1116414
1116417
1116420
1116423
1116426
1116429
1116432
1116435
1116438
1116441
1116444
1116447
1116450
1116453
1116456
1116459
1116462
1116465
1116477
1116480
1116483
1116495
1116498
1116501
1116504
1116507
1116510
1116513
1116516
1116519
1116522
1116525
1116528
1116531
1116534
1116537
1116540
1116543
1116546
1116558
1116561
1116564
1116576
1116579
1116582
1117071
1117074
1117077
1117080
1117083
1117086
1117089
1117092
1117095
1117098
1117101
1117104
1117107
1117110
1117113
1117125
1117128
1117131
1117143
1117146
1117149
1117152
1117155
1117158
1117161
1117164
1117167
1117170
1117173
1117176
1117179
1117182
1117185
1117188
1117191
1117194
1117206
1117209
1117212
1117224
1117227
1117230
1117233
1117236
1117239
1117242
1117245
1117248
1117251
1117254
1117257
1117260
1117263
1117266
1117269
1117272
1117275
1117287
1117290
1117293
1117305
1117308
1117311
1117800
1117803
1117806
1117809
1117812
1117815
1117827
1117829
1117830
1117832
1117833
1117835
1117836
1117837
1117838
1117839
1117840
1117841
1117842
1117843
1117844
1117845
1117846
1117848
1117849
1117851
1117852
1117863
1117866
1117869
1117872
1117875
1117878
1117881
1117884
1117887
1117890
1117893
1117896
1117908
1117910
1117911
1117913
1117914
1117916
1117917
1117918
1117919
1117920
1117921
1117922
1117923
1117924
1117925
1117926
1117927
1117929
1117930
1117932
1117933
1117944
1117947
1117950
1117953
1117956
1117959
1117962
1117965
1117968
1117971
1117974
1117977
1117989
1117991
1117992
1117994
1117995
1117997
1117998
1117999
1118000
1118001
1118002
1118003
1118004
1118005
1118006
1118007
1118008
1118010
1118011
1118013
1118014
1118025
1118028
1118031
1118034
1118037
1118040
1118529
1118532
1118535
1118538
1118541
1118544
1118556
1118559
1118562
1118565
1118568
1118571
1118574
1118577
1118580
1118592
1118595
1118598
1118601
1118604
1118607
1118610
1118613
1118616
1118619
1118622
1118625
1118637
1118640
1118643
1118646
1118649
1118652
1118655
1118658
1118661
1118673
1118676
1118679
1118682
1118685
1118688
1118691
1118694
1118697
1118700
1118703
1118706
1118718
1118721
1118724
1118727
1118730
1118733
1118736
1118739
1118742
1118754
1118757
1118760
1118763
1118766
1118769
1119258
1119261
1119264
1119267
1119270
1119273
1119285
1119288
1119291
1119294
1119297
1119300
1119303
1119306
1119309
1119321
1119324
1119327
1119330
1119333
1119336
1119339
1119342
1119345
1119348
1119351
1119354
1119366
1119369
1119372
1119375
1119378
1119381
1119384
1119387
1119390
1119402
1119405
1119408
1119411
1119414
1119417
1119420
1119423
1119426
1119429
1119432
1119435
1119447
1119450
1119453
1119456
1119459
1119462
1119465
1119468
1119471
1119483
1119486
1119489
1119492
1119495
1119498
1119987
1119990
1119993
1120005
1120008
1120011
1120023
1120026
1120029
1120032
1120035
1120038
1120041
1120042
1120044
1120045
1120047
1120048
1120050
1120052
1120053
1120055
1120056
1120058
1120059
1120060
1120061
1120062
1120063
1120064
1120065
1120066
1120067
1120068
1120071
1120074
1120086
1120089
1120092
1120104
1120107
1120110
1120113
1120116
1120119
1120122
1120123
1120125
1120126
1120128
1120129
1120131
1120133
1120134
1120136
1120137
1120139
1120140
1120141
1120142
1120143
1120144
1120145
1120146
1120147
1120148
1120149
1120152
1120155
1120167
1120170
1120173
1120185
1120188
1120191
1120194
1120197
1120200
1120203
1120204
1120206
1120207
1120209
1120210
1120212
1120214
1120215
1120217
1120218
1120220
1120221
1120222
1120223
1120224
1120225
1120226
1120227
1120228
1120229
1120716
1120719
1120722
1120734
1120737
1120740
1120752
1120755
1120758
1120761
1120764
1120767
1120770
1120773
1120776
1120779
1120782
1120785
1120788
1120791
1120794
1120797
1120800
1120803
1120815
1120818
1120821
1120833
1120836
1120839
1120842
1120845
1120848
1120851
1120854
1120857
1120860
1120863
1120866
1120869
1120872
1120875
1120878
1120881
1120884
1120896
1120899
1120902
1120914
1120917
1120920
1120923
1120926
1120929
1120932
1120935
1120938
1120941
1120944
1120947
1120950
1120953
1120956
1121445
1121448
1121451
1121463
1121466
1121469
1121481
1121484
1121487
1121490
1121493
1121496
1121499
1121502
1121505
1121508
1121511
1121514
1121517
1121520
1121523
1121526
1121529
1121532
1121544
1121547
1121550
1121562
1121565
1121568
1121571
1121574
1121577
1121580
1121583
1121586
1121589
1121592
1121595
1121598
1121601
1121604
1121607
1121610
1121613
1121625
1121628
1121631
1121643
1121646
1121649
1121652
1121655
1121658
1121661
1121664
1121667
1121670
1121673
1121676
1121679
1121682
1121685
1180980
1180981
1180982
1180983
1180984
1180985
1180986
1180987
1180988
1180989
1180990
1180992
1180993
1180995
1180996
1180998
1181000
1181001
1181003
1181004
1181006
1181007
1181010
1181013
1181016
1181019
1181022
1181034
1181037
1181040
1181052
1181055
1181058
1181061
1181062
1181063
1181064
1181065
1181066
1181067
1181068
1181069
1181070
1181071
1181073
1181074
1181076
1181077
1181079
1181081
1181082
1181084
1181085
1181087
1181088
1181091
1181094
1181097
1181100
1181103
1181115
1181118
1181121
1181133
1181136
1181139
1181142
1181143
1181144
1181145
1181146
1181147
1181148
1181149
1181150
1181151
1181152
1181154
1181155
1181157
1181158
1181160
1181162
1181163
1181165
1181166
1181168
1181169
1181172
1181175
1181178
1181181
1181184
1181196
1181199
1181202
1181214
1181217
1181220
1181223
1181224
1181225
1181226
1181227
1181228
1181229
1181230
1181231
1181232
1181233
1181235
1181236
1181238
1181239
1181241
1181243
1181244
1181246
1181247
1181249
1181250
1181253
1181256
1181259
1181262
1181265
1181277
1181280
1181283
1181295
1181298
1181301
1181304
1181305
1181306
1181307
1181308
1181309
1181310
1181311
1181312
1181313
1181314
1181316
1181317
1181319
1181320
1181322
1181324
1181325
1181327
1181328
1181330
1181331
1181334
1181337
1181340
1181343
1181346
1181358
1181361
1181364
1181376
1181379
1181382
1181385
1181386
1181387
1181388
1181389
1181390
1181391
1181392
1181393
1181394
1181395
1181397
1181398
1181400
1181401
1181403
1181405
1181406
1181408
1181409
1181411
1181412
1181415
1181418
1181421
1181424
1181427
1181439
1181442
1181445
1181457
1181460
1181463
1181466
1181467
1181468
1181469
1181470
1181471
1181472
1181473
1181474
1181475
1181476
1181478
1181479
1181481
1181482
1181484
1181486
1181487
1181489
1181490
1181492
1181493
1181496
1181499
1181502
1181505
1181508
1181520
1181523
1181526
1181538
1181541
1181544
1181547
1181548
1181549
1181550
1181551
1181552
1181553
1181554
1181555
1181556
1181557
1181559
1181560
1181562
1181563
1181565
1181567
1181568
1181570
1181571
1181573
1181574
1181577
1181580
1181583
1181586
1181589
1181601
1181604
1181607
1181619
1181622
1181625
1181628
1181629
1181630
1181631
1181632
1181633
1181634
1181635
1181636
1181637
1181638
1181640
1181641
1181643
1181644
1181646
1181648
1181649
1181651
1181652
1181654
1181655
1181658
1181661
1181664
1181667
1181670
1181682
1181685
1181688
1181700
1181703
1181706
1183167
1183170
1183173
1183176
1183179
1183182
1183194
1183196
1183197
1183199
1183200
1183202
1183203
1183204
1183205
1183206
1183207
1183208
1183209
1183210
1183211
1183212
1183213
1183215
1183216
1183218
1183219
1183230
1183233
1183236
1183239
1183242
1183245
1183248
1183251
1183254
1183257
1183260
1183263
1183275
1183277
1183278
1183280
1183281
1183283
1183284
1183285
1183286
1183287
1183288
1183289
1183290
1183291
1183292
1183293
1183294
1183296
1183297
1183299
1183300
1183311
1183314
1183317
1183320
1183323
1183326
1183329
1183332
1183335
1183338
1183341
1183344
1183356
1183358
1183359
1183361
1183362
1183364
1183365
1183366
1183367
1183368
1183369
1183370
1183371
1183372
1183373
1183374
1183375
1183377
1183378
1183380
1183381
1183392
1183395
1183398
1183401
1183404
1183407
1183410
1183413
1183416
1183419
1183422
1183425
1183437
1183439
1183440
1183442
1183443
1183445
1183446
1183447
1183448
1183449
1183450
1183451
1183452
1183453
1183454
1183455
1183456
1183458
1183459
1183461
1183462
1183473
1183476
1183479
1183482
1183485
1183488
1183491
1183494
1183497
1183500
1183503
1183506
1183518
1183520
1183521
1183523
1183524
1183526
1183527
1183528
1183529
1183530
1183531
1183532
1183533
1183534
1183535
1183536
1183537
1183539
1183540
1183542
1183543
1183554
1183557
1183560
1183563
1183566
1183569
1183572
1183575
1183578
1183581
1183584
1183587
1183599
1183601
1183602
1183604
1183605
1183607
1183608
1183609
1183610
1183611
1183612
1183613
1183614
1183615
1183616
1183617
1183618
1183620
1183621
1183623
1183624
1183635
1183638
1183641
1183644
1183647
1183650
1183653
1183656
1183659
1183662
1183665
1183668
1183680
1183682
1183683
1183685
1183686
1183688
1183689
1183690
1183691
1183692
1183693
1183694
1183695
1183696
1183697
1183698
1183699
1183701
1183702
1183704
1183705
1183716
1183719
1183722
1183725
1183728
1183731
1183734
1183737
1183740
1183743
1183746
1183749
1183761
1183763
1183764
1183766
1183767
1183769
1183770
1183771
1183772
1183773
1183774
1183775
1183776
1183777
1183778
1183779
1183780
1183782
1183783
1183785
1183786
1183797
1183800
1183803
1183806
1183809
1183812
1183815
1183818
1183821
1183824
1183827
1183830
1183842
1183844
1183845
1183847
1183848
1183850
1183851
1183852
1183853
1183854
1183855
1183856
1183857
1183858
1183859
1183860
1183861
1183863
1183864
1183866
1183867
1183878
1183881
1183884
1183887
1183890
1183893
1185354
1185357
1185360
1185372
1185375
1185378
1185390
1185393
1185396
1185399
1185402
1185405
1185408
1185409
1185411
1185412
1185414
1185415
1185417
1185419
1185420
1185422
1185423
1185425
1185426
1185427
1185428
1185429
1185430
1185431
1185432
1185433
1185434
1185435
1185438
1185441
1185453
1185456
1185459
1185471
1185474
1185477
1185480
1185483
1185486
1185489
1185490
1185492
1185493
1185495
1185496
1185498
1185500
1185501
1185503
1185504
1185506
1185507
1185508
1185509
1185510
1185511
1185512
1185513
1185514
1185515
1185516
1185519
1185522
1185534
1185537
1185540
1185552
1185555
1185558
1185561
1185564
1185567
1185570
1185571
1185573
1185574
1185576
1185577
1185579
1185581
1185582
1185584
1185585
1185587
1185588
1185589
1185590
1185591
1185592
1185593
1185594
1185595
1185596
1185597
1185600
1185603
1185615
1185618
1185621
1185633
1185636
1185639
1185642
1185645
1185648
1185651
1185652
1185654
1185655
1185657
1185658
1185660
1185662
1185663
1185665
1185666
1185668
1185669
1185670
1185671
1185672
1185673
1185674
1185675
1185676
1185677
1185678
1185681
1185684
1185696
1185699
1185702
1185714
1185717
1185720
1185723
1185726
1185729
1185732
1185733
1185735
1185736
1185738
1185739
1185741
1185743
1185744
1185746
1185747
1185749
1185750
1185751
1185752
1185753
1185754
1185755
1185756
1185757
1185758
1185759
1185762
1185765
1185777
1185780
1185783
1185795
1185798
1185801
1185804
1185807
1185810
1185813
1185814
1185816
1185817
1185819
1185820
1185822
1185824
1185825
1185827
1185828
1185830
1185831
1185832
1185833
1185834
1185835
1185836
1185837
1185838
1185839
1185840
1185843
1185846
1185858
1185861
1185864
1185876
1185879
1185882
1185885
1185888
1185891
1185894
1185895
1185897
1185898
1185900
1185901
1185903
1185905
1185906
1185908
1185909
1185911
1185912
1185913
1185914
1185915
1185916
1185917
1185918
1185919
1185920
1185921
1185924
1185927
1185939
1185942
1185945
1185957
1185960
1185963
1185966
1185969
1185972
1185975
1185976
1185978
1185979
1185981
1185982
1185984
1185986
1185987
1185989
1185990
1185992
1185993
1185994
1185995
1185996
1185997
1185998
1185999
1186000
1186001
1186002
1186005
1186008
1186020
1186023
1186026
1186038
1186041
1186044
1186047
1186050
1186053
1186056
1186057
1186059
1186060
1186062
1186063
1186065
1186067
1186068
1186070
1186071
1186073
1186074
1186075
1186076
1186077
1186078
1186079
1186080
1186081
1186082
1187541
1187542
1187543
1187544
1187545
1187546
1187547
1187548
1187549
1187550
1187551
1187553
1187554
1187556
1187557
1187559
1187561
1187562
1187564
1187565
1187567
1187568
1187571
1187574
1187577
1187580
1187583
1187595
1187598
1187601
1187613
1187616
1187619
1187622
1187623
1187624
1187625
1187626
1187627
1187628
1187629
1187630
1187631
1187632
1187634
1187635
1187637
1187638
1187640
1187642
1187643
1187645
1187646
1187648
1187649
1187652
1187655
1187658
1187661
1187664
1187676
1187679
1187682
1187694
1187697
1187700
1187703
1187704
1187705
1187706
1187707
1187708
1187709
1187710
1187711
1187712
1187713
1187715
1187716
1187718
1187719
1187721
1187723
1187724
1187726
1187727
1187729
1187730
1187733
1187736
1187739
1187742
1187745
1187757
1187760
1187763
1187775
1187778
1187781
1188027
1188028
1188029
1188030
1188031
1188032
1188033
1188034
1188035
1188036
1188037
1188039
1188040
1188042
1188043
1188045
1188047
1188048
1188050
1188051
1188053
1188054
1188057
1188060
1188063
1188066
1188069
1188081
1188084
1188087
1188099
1188102
1188105
1188108
1188109
1188110
1188111
1188112
1188113
1188114
1188115
1188116
1188117
1188118
1188120
1188121
1188123
1188124
1188126
1188128
1188129
1188131
1188132
1188134
1188135
1188138
1188141
1188144
1188147
1188150
1188162
1188165
1188168
1188180
1188183
1188186
1188189
1188190
1188191
1188192
1188193
1188194
1188195
1188196
1188197
1188198
1188199
1188201
1188202
1188204
1188205
1188207
1188209
1188210
1188212
1188213
1188215
1188216
1188219
1188222
1188225
1188228
1188231
1188243
1188246
1188249
1188261
1188264
1188267
1189728
1189731
1189734
1189737
1189740
1189743
1189755
1189757
1189758
1189760
1189761
1189763
1189764
1189765
1189766
1189767
1189768
1189769
1189770
1189771
1189772
1189773
1189774
1189776
1189777
1189779
1189780
1189791
1189794
1189797
1189800
1189803
1189806
1189809
1189812
1189815
1189818
1189821
1189824
1189836
1189838
1189839
1189841
1189842
1189844
1189845
1189846
1189847
1189848
1189849
1189850
1189851
1189852
1189853
1189854
1189855
1189857
1189858
1189860
1189861
1189872
1189875
1189878
1189881
1189884
1189887
1189890
1189893
1189896
1189899
1189902
1189905
1189917
1189919
1189920
1189922
1189923
1189925
1189926
1189927
1189928
1189929
1189930
1189931
1189932
1189933
1189934
1189935
1189936
1189938
1189939
1189941
1189942
1189953
1189956
1189959
1189962
1189965
1189968
1190214
1190217
1190220
1190223
1190226
1190229
1190241
1190243
1190244
1190246
1190247
1190249
1190250
1190251
1190252
1190253
1190254
1190255
1190256
1190257
1190258
1190259
1190260
1190262
1190263
1190265
1190266
1190277
1190280
1190283
1190286
1190289
1190292
1190295
1190298
1190301
1190304
1190307
1190310
1190322
1190324
1190325
1190327
1190328
1190330
1190331
1190332
1190333
1190334
1190335
1190336
1190337
1190338
1190339
1190340
1190341
1190343
1190344
1190346
1190347
1190358
1190361
1190364
1190367
1190370
1190373
1190376
1190379
1190382
1190385
1190388
1190391
1190403
1190405
1190406
1190408
1190409
1190411
1190412
1190413
1190414
1190415
1190416
1190417
1190418
1190419
1190420
1190421
1190422
1190424
1190425
1190427
1190428
1190439
1190442
1190445
1190448
1190451
1190454
1191915
1191918
1191921
1191933
1191936
1191939
1191951
1191954
1191957
1191960
1191963
1191966
1191969
1191970
1191972
1191973
1191975
1191976
1191978
1191980
1191981
1191983
1191984
1191986
1191987
1191988
1191989
1191990
1191991
1191992
1191993
1191994
1191995
1191996
1191999
1192002
1192014
1192017
1192020
1192032
1192035
1192038
1192041
1192044
1192047
1192050
1192051
1192053
1192054
1192056
1192057
1192059
1192061
1192062
1192064
1192065
1192067
1192068
1192069
1192070
1192071
1192072
1192073
1192074
1192075
1192076
1192077
1192080
1192083
1192095
1192098
1192101
1192113
1192116
1192119
1192122
1192125
1192128
1192131
1192132
1192134
1192135
1192137
1192138
1192140
1192142
1192143
1192145
1192146
1192148
1192149
1192150
1192151
1192152
1192153
1192154
1192155
1192156
1192157
1192401
1192404
1192407
1192419
1192422
1192425
1192437
1192440
1192443
1192446
1192449
1192452
1192455
1192456
1192458
1192459
1192461
1192462
1192464
1192466
1192467
1192469
1192470
1192472
1192473
1192474
1192475
1192476
1192477
1192478
1192479
1192480
1192481
1192482
1192485
1192488
1192500
1192503
1192506
1192518
1192521
1192524
1192527
1192530
1192533
1192536
1192537
1192539
1192540
1192542
1192543
1192545
1192547
1192548
1192550
1192551
1192553
1192554
1192555
1192556
1192557
1192558
1192559
1192560
1192561
1192562
1192563
1192566
1192569
1192581
1192584
1192587
1192599
1192602
1192605
1192608
1192611
1192614
1192617
1192618
1192620
1192621
1192623
1192624
1192626
1192628
1192629
1192631
1192632
1192634
1192635
1192636
1192637
1192638
1192639
1192640
1192641
1192642
1192643
1194102
1194103
1194104
1194105
1194106
1194107
1194108
1194109
1194110
1194111
1194112
1194114
1194115
1194117
1194118
1194120
1194122
1194123
1194125
1194126
1194128
1194129
1194132
1194135
1194138
1194141
1194144
1194156
1194159
1194162
1194174
1194177
1194180
1194183
1194184
1194185
1194186
1194187
1194188
1194189
1194190
1194191
1194192
1194193
1194195
1194196
1194198
1194199
1194201
1194203
1194204
1194206
1194207
1194209
1194210
1194213
1194216
1194219
1194222
1194225
1194237
1194240
1194243
1194255
1194258
1194261
1194264
1194265
1194266
1194267
1194268
1194269
1194270
1194271
1194272
1194273
1194274
1194276
1194277
1194279
1194280
1194282
1194284
1194285
1194287
1194288
1194290
1194291
1194294
1194297
1194300
1194303
1194306
1194318
1194321
1194324
1194336
1194339
1194342
1194345
1194346
1194347
1194348
1194349
1194350
1194351
1194352
1194353
1194354
1194355
1194357
1194358
1194360
1194361
1194363
1194365
1194366
1194368
1194369
1194371
1194372
1194375
1194378
1194381
1194384
1194387
1194399
1194402
1194405
1194417
1194420
1194423
1194426
1194427
1194428
1194429
1194430
1194431
1194432
1194433
1194434
1194435
1194436
1194438
1194439
1194441
1194442
1194444
1194446
1194447
1194449
1194450
1194452
1194453
1194456
1194459
1194462
1194465
1194468
1194480
1194483
1194486
1194498
1194501
1194504
1194507
1194508
1194509
1194510
1194511
1194512
1194513
1194514
1194515
1194516
1194517
1194519
1194520
1194522
1194523
1194525
1194527
1194528
1194530
1194531
1194533
1194534
1194537
1194540
1194543
1194546
1194549
1194561
1194564
1194567
1194579
1194582
1194585
1196289
1196292
1196295
1196298
1196301
1196304
1196316
1196318
1196319
1196321
1196322
1196324
1196325
1196326
1196327
1196328
1196329
1196330
1196331
1196332
1196333
1196334
1196335
1196337
1196338
1196340
1196341
1196352
1196355
1196358
1196361
1196364
1196367
1196370
1196373
1196376
1196379
1196382
1196385
1196397
1196399
1196400
1196402
1196403
1196405
1196406
1196407
1196408
1196409
1196410
1196411
1196412
1196413
1196414
1196415
1196416
1196418
1196419
1196421
1196422
1196433
1196436
1196439
1196442
1196445
1196448
1196451
1196454
1196457
1196460
1196463
1196466
1196478
1196480
1196481
1196483
1196484
1196486
1196487
1196488
1196489
1196490
1196491
1196492
1196493
1196494
1196495
1196496
1196497
1196499
1196500
1196502
1196503
1196514
1196517
1196520
1196523
1196526
1196529
1196532
1196535
1196538
1196541
1196544
1196547
1196559
1196561
1196562
1196564
1196565
1196567
1196568
1196569
1196570
1196571
1196572
1196573
1196574
1196575
1196576
1196577
1196578
1196580
1196581
1196583
1196584
1196595
1196598
1196601
1196604
1196607
1196610
1196613
1196616
1196619
1196622
1196625
1196628
1196640
1196642
1196643
1196645
1196646
1196648
1196649
1196650
1196651
1196652
1196653
1196654
1196655
1196656
1196657
1196658
1196659
1196661
1196662
1196664
1196665
1196676
1196679
1196682
1196685
1196688
1196691
1196694
1196697
1196700
1196703
1196706
1196709
1196721
1196723
1196724
1196726
1196727
1196729
1196730
1196731
1196732
1196733
1196734
1196735
1196736
1196737
1196738
1196739
1196740
1196742
1196743
1196745
1196746
1196757
1196760
1196763
1196766
1196769
1196772
1198476
1198479
1198482
1198494
1198497
1198500
1198512
1198515
1198518
1198521
1198524
1198527
1198530
1198531
1198533
1198534
1198536
1198537
1198539
1198541
1198542
1198544
1198545
1198547
1198548
1198549
1198550
1198551
1198552
1198553
1198554
1198555
1198556
1198557
1198560
1198563
1198575
1198578
1198581
1198593
1198596
1198599
1198602
1198605
1198608
1198611
1198612
1198614
1198615
1198617
1198618
1198620
1198622
1198623
1198625
1198626
1198628
1198629
1198630
1198631
1198632
1198633
1198634
1198635
1198636
1198637
1198638
1198641
1198644
1198656
1198659
1198662
1198674
1198677
1198680
1198683
1198686
1198689
1198692
1198693
1198695
1198696
1198698
1198699
1198701
1198703
1198704
1198706
1198707
1198709
1198710
1198711
1198712
1198713
1198714
1198715
1198716
1198717
1198718
1198719
1198722
1198725
1198737
1198740
1198743
1198755
1198758
1198761
1198764
1198767
1198770
1198773
1198774
1198776
1198777
1198779
1198780
1198782
1198784
1198785
1198787
1198788
1198790
1198791
1198792
1198793
1198794
1198795
1198796
1198797
1198798
1198799
1198800
1198803
1198806
1198818
1198821
1198824
1198836
1198839
1198842
1198845
1198848
1198851
1198854
1198855
1198857
1198858
1198860
1198861
1198863
1198865
1198866
1198868
1198869
1198871
1198872
1198873
1198874
1198875
1198876
1198877
1198878
1198879
1198880
1198881
1198884
1198887
1198899
1198902
1198905
1198917
1198920
1198923
1198926
1198929
1198932
1198935
1198936
1198938
1198939
1198941
1198942
1198944
1198946
1198947
1198949
1198950
1198952
1198953
1198954
1198955
1198956
1198957
1198958
1198959
1198960
1198961
1200663
1200664
1200665
1200666
1200667
1200668
1200669
1200670
1200671
1200672
1200673
1200675
1200676
1200678
1200679
1200681
1200683
1200684
1200686
1200687
1200689
1200690
1200693
1200696
1200699
1200702
1200705
1200717
1200720
1200723
1200735
1200738
1200741
1200744
1200745
1200746
1200747
1200748
1200749
1200750
1200751
1200752
1200753
1200754
1200756
1200757
1200759
1200760
1200762
1200764
1200765
1200767
1200768
1200770
1200771
1200774
1200777
1200780
1200783
1200786
1200798
1200801
1200804
1200816
1200819
1200822
1200825
1200826
1200827
1200828
1200829
1200830
1200831
1200832
1200833
1200834
1200835
1200837
1200838
1200840
1200841
1200843
1200845
1200846
1200848
1200849
1200851
1200852
1200855
1200858
1200861
1200864
1200867
1200879
1200882
1200885
1200897
1200900
1200903
1202850
1202853
1202856
1202859
1202862
1202865
1202877
1202879
1202880
1202882
1202883
1202885
1202886
1202887
1202888
1202889
1202890
1202891
1202892
1202893
1202894
1202895
1202896
1202898
1202899
1202901
1202902
1202913
1202916
1202919
1202922
1202925
1202928
1202931
1202934
1202937
1202940
1202943
1202946
1202958
1202960
1202961
1202963
1202964
1202966
1202967
1202968
1202969
1202970
1202971
1202972
1202973
1202974
1202975
1202976
1202977
1202979
1202980
1202982
1202983
1202994
1202997
1203000
1203003
1203006
1203009
1203012
1203015
1203018
1203021
1203024
1203027
1203039
1203041
1203042
1203044
1203045
1203047
1203048
1203049
1203050
1203051
1203052
1203053
1203054
1203055
1203056
1203057
1203058
1203060
1203061
1203063
1203064
1203075
1203078
1203081
1203084
1203087
1203090
1205037
1205040
1205043
1205055
1205058
1205061
1205073
1205076
1205079
1205082
1205085
1205088
1205091
1205092
1205094
1205095
1205097
1205098
1205100
1205102
1205103
1205105
1205106
1205108
1205109
1205110
1205111
1205112
1205113
1205114
1205115
1205116
1205117
1205118
1205121
1205124
1205136
1205139
1205142
1205154
1205157
1205160
1205163
1205166
1205169
1205172
1205173
1205175
1205176
1205178
1205179
1205181
1205183
1205184
1205186
1205187
1205189
1205190
1205191
1205192
1205193
1205194
1205195
1205196
1205197
1205198
1205199
1205202
1205205
1205217
1205220
1205223
1205235
1205238
1205241
1205244
1205247
1205250
1205253
1205254
1205256
1205257
1205259
1205260
1205262
1205264
1205265
1205267
1205268
1205270
1205271
1205272
1205273
1205274
1205275
1205276
1205277
1205278
1205279
1207710
1207711
1207712
1207713
1207714
1207715
1207716
1207717
1207718
1207719
1207720
1207722
1207723
1207725
1207726
1207728
1207730
1207731
1207733
1207734
1207736
1207737
1207740
1207743
1207746
1207749
1207752
1207764
1207767
1207770
1207782
1207785
1207788
1207791
1207792
1207793
1207794
1207795
1207796
1207797
1207798
1207799
1207800
1207801
1207803
1207804
1207806
1207807
1207809
1207811
1207812
1207814
1207815
1207817
1207818
1207821
1207824
1207827
1207830
1207833
1207845
1207848
1207851
1207863
1207866
1207869
1207872
1207873
1207874
1207875
1207876
1207877
1207878
1207879
1207880
1207881
1207882
1207884
1207885
1207887
1207888
1207890
1207892
1207893
1207895
1207896
1207898
1207899
1207902
1207905
1207908
1207911
1207914
1207926
1207929
1207932
1207944
1207947
1207950
1209897
1209900
1209903
1209906
1209909
1209912
1209924
1209926
1209927
1209929
1209930
1209932
1209933
1209934
1209935
1209936
1209937
1209938
1209939
1209940
1209941
1209942
1209943
1209945
1209946
1209948
1209949
1209960
1209963
1209966
1209969
1209972
1209975
1209978
1209981
1209984
1209987
1209990
1209993
1210005
1210007
1210008
1210010
1210011
1210013
1210014
1210015
1210016
1210017
1210018
1210019
1210020
1210021
1210022
1210023
1210024
1210026
1210027
1210029
1210030
1210041
1210044
1210047
1210050
1210053
1210056
1210059
1210062
1210065
1210068
1210071
1210074
1210086
1210088
1210089
1210091
1210092
1210094
1210095
1210096
1210097
1210098
1210099
1210100
1210101
1210102
1210103
1210104
1210105
1210107
1210108
1210110
1210111
1210122
1210125
1210128
1210131
1210134
1210137
1212084
1212087
1212090
1212102
1212105
1212108
1212120
1212123
1212126
1212129
1212132
1212135
1212138
1212139
1212141
1212142
1212144
1212145
1212147
1212149
1212150
1212152
1212153
1212155
1212156
1212157
1212158
1212159
1212160
1212161
1212162
1212163
1212164
1212165
1212168
1212171
1212183
1212186
1212189
1212201
1212204
1212207
1212210
1212213
1212216
1212219
1212220
1212222
1212223
1212225
1212226
1212228
1212230
1212231
1212233
1212234
1212236
1212237
1212238
1212239
1212240
1212241
1212242
1212243
1212244
1212245
1212246
1212249
1212252
1212264
1212267
1212270
1212282
1212285
1212288
1212291
1212294
1212297
1212300
1212301
1212303
1212304
1212306
1212307
1212309
1212311
1212312
1212314
1212315
1212317
1212318
1212319
1212320
1212321
1212322
1212323
1212324
1212325
1212326
1220346
1220347
1220348
1220349
1220350
1220351
1220352
1220353
1220354
1220355
1220356
1220358
1220359
1220361
1220362
1220364
1220366
1220367
1220369
1220370
1220372
1220373
1220376
1220379
1220382
1220385
1220388
1220400
1220403
1220406
1220418
1220421
1220424
1220427
1220428
1220429
1220430
1220431
1220432
1220433
1220434
1220435
1220436
1220437
1220439
1220440
1220442
1220443
1220445
1220447
1220448
1220450
1220451
1220453
1220454
1220457
1220460
1220463
1220466
1220469
1220481
1220484
1220487
1220499
1220502
1220505
1220508
1220509
1220510
1220511
1220512
1220513
1220514
1220515
1220516
1220517
1220518
1220520
1220521
1220523
1220524
1220526
1220528
1220529
1220531
1220532
1220534
1220535
1220538
1220541
1220544
1220547
1220550
1220562
1220565
1220568
1220580
1220583
1220586
1222533
1222536
1222539
1222542
1222545
1222548
1222560
1222562
1222563
1222565
1222566
1222568
1222569
1222570
1222571
1222572
1222573
1222574
1222575
1222576
1222577
1222578
1222579
1222581
1222582
1222584
1222585
1222596
1222599
1222602
1222605
1222608
1222611
1222614
1222617
1222620
1222623
1222626
1222629
1222641
1222643
1222644
1222646
1222647
1222649
1222650
1222651
1222652
1222653
1222654
1222655
1222656
1222657
1222658
1222659
1222660
1222662
1222663
1222665
1222666
1222677
1222680
1222683
1222686
1222689
1222692
1222695
1222698
1222701
1222704
1222707
1222710
1222722
1222724
1222725
1222727
1222728
1222730
1222731
1222732
1222733
1222734
1222735
1222736
1222737
1222738
1222739
1222740
1222741
1222743
1222744
1222746
1222747
1222758
1222761
1222764
1222767
1222770
1222773
1224720
1224723
1224726
1224738
1224741
1224744
1224756
1224759
1224762
1224765
1224768
1224771
1224774
1224775
1224777
1224778
1224780
1224781
1224783
1224785
1224786
1224788
1224789
1224791
1224792
1224793
1224794
1224795
1224796
1224797
1224798
1224799
1224800
1224801
1224804
1224807
1224819
1224822
1224825
1224837
1224840
1224843
1224846
1224849
1224852
1224855
1224856
1224858
1224859
1224861
1224862
1224864
1224866
1224867
1224869
1224870
1224872
1224873
1224874
1224875
1224876
1224877
1224878
1224879
1224880
1224881
1224882
1224885
1224888
1224900
1224903
1224906
1224918
1224921
1224924
1224927
1224930
1224933
1224936
1224937
1224939
1224940
1224942
1224943
1224945
1224947
1224948
1224950
1224951
1224953
1224954
1224955
1224956
1224957
1224958
1224959
1224960
1224961
1224962
1233711
1233712
1233713
1233714
1233715
1233716
1233717
1233718
1233719
1233720
1233721
1233723
1233724
1233726
1233727
1233729
1233731
1233732
1233734
1233735
1233737
1233738
1233741
1233744
1233747
1233750
1233753
1233765
1233768
1233771
1233783
1233786
1233789
1233792
1233793
1233794
1233795
1233796
1233797
1233798
1233799
1233800
1233801
1233802
1233804
1233805
1233807
1233808
1233810
1233812
1233813
1233815
1233816
1233818
1233819
1233822
1233825
1233828
1233831
1233834
1233846
1233849
1233852
1233864
1233867
1233870
1233873
1233874
1233875
1233876
1233877
1233878
1233879
1233880
1233881
1233882
1233883
1233885
1233886
1233888
1233889
1233891
1233893
1233894
1233896
1233897
1233899
1233900
1233903
1233906
1233909
1233912
1233915
1233927
1233930
1233933
1233945
1233948
1233951
1235898
1235901
1235904
1235907
1235910
1235913
1235925
1235927
1235928
1235930
1235931
1235933
1235934
1235935
1235936
1235937
1235938
1235939
1235940
1235941
1235942
1235943
1235944
1235946
1235947
1235949
1235950
1235961
1235964
1235967
1235970
1235973
1235976
1235979
1235982
1235985
1235988
1235991
1235994
1236006
1236008
1236009
1236011
1236012
1236014
1236015
1236016
1236017
1236018
1236019
1236020
1236021
1236022
1236023
1236024
1236025
1236027
1236028
1236030
1236031
1236042
1236045
1236048
1236051
1236054
1236057
1236060
1236063
1236066
1236069
1236072
1236075
1236087
1236089
1236090
1236092
1236093
1236095
1236096
1236097
1236098
1236099
1236100
1236101
1236102
1236103
1236104
1236105
1236106
1236108
1236109
1236111
1236112
1236123
1236126
1236129
1236132
1236135
1236138
1238085
1238088
1238091
1238103
1238106
1238109
1238121
1238124
1238127
1238130
1238133
1238136
1238139
1238140
1238142
1238143
1238145
1238146
1238148
1238150
1238151
1238153
1238154
1238156
1238157
1238158
1238159
1238160
1238161
1238162
1238163
1238164
1238165
1238166
1238169
1238172
1238184
1238187
1238190
1238202
1238205
1238208
1238211
1238214
1238217
1238220
1238221
1238223
1238224
1238226
1238227
1238229
1238231
1238232
1238234
1238235
1238237
1238238
1238239
1238240
1238241
1238242
1238243
1238244
1238245
1238246
1238247
1238250
1238253
1238265
1238268
1238271
1238283
1238286
1238289
1238292
1238295
1238298
1238301
1238302
1238304
1238305
1238307
1238308
1238310
1238312
1238313
1238315
1238316
1238318
1238319
1238320
1238321
1238322
1238323
1238324
1238325
1238326
1238327
1240029
1240030
1240031
1240032
1240033
1240034
1240035
1240036
1240037
1240038
1240039
1240041
1240042
1240044
1240045
1240047
1240049
1240050
1240052
1240053
1240055
1240056
1240059
1240062
1240065
1240068
1240071
1240083
1240086
1240089
1240101
1240104
1240107
1240110
1240111
1240112
1240113
1240114
1240115
1240116
1240117
1240118
1240119
1240120
1240122
1240123
1240125
1240126
1240128
1240130
1240131
1240133
1240134
1240136
1240137
1240140
1240143
1240146
1240149
1240152
1240164
1240167
1240170
1240182
1240185
1240188
1240191
1240192
1240193
1240194
1240195
1240196
1240197
1240198
1240199
1240200
1240201
1240203
1240204
1240206
1240207
1240209
1240211
1240212
1240214
1240215
1240217
1240218
1240221
1240224
1240227
1240230
1240233
1240245
1240248
1240251
1240263
1240266
1240269
1240272
1240273
1240274
1240275
1240276
1240277
1240278
1240279
1240280
1240281
1240282
1240284
1240285
1240287
1240288
1240290
1240292
1240293
1240295
1240296
1240298
1240299
1240302
1240305
1240308
1240311
1240314
1240326
1240329
1240332
1240344
1240347
1240350
1240353
1240354
1240355
1240356
1240357
1240358
1240359
1240360
1240361
1240362
1240363
1240365
1240366
1240368
1240369
1240371
1240373
1240374
1240376
1240377
1240379
1240380
1240383
1240386
1240389
1240392
1240395
1240407
1240410
1240413
1240425
1240428
1240431
1240434
1240435
1240436
1240437
1240438
1240439
1240440
1240441
1240442
1240443
1240444
1240446
1240447
1240449
1240450
1240452
1240454
1240455
1240457
1240458
1240460
1240461
1240464
1240467
1240470
1240473
1240476
1240488
1240491
1240494
1240506
1240509
1240512
1240515
1240516
1240517
1240518
1240519
1240520
1240521
1240522
1240523
1240524
1240525
1240527
1240528
1240530
1240531
1240533
1240535
1240536
1240538
1240539
1240541
1240542
1240545
1240548
1240551
1240554
1240557
1240569
1240572
1240575
1240587
1240590
1240593
1240596
1240597
1240598
1240599
1240600
1240601
1240602
1240603
1240604
1240605
1240606
1240608
1240609
1240611
1240612
1240614
1240616
1240617
1240619
1240620
1240622
1240623
1240626
1240629
1240632
1240635
1240638
1240650
1240653
1240656
1240668
1240671
1240674
1240677
1240678
1240679
1240680
1240681
1240682
1240683
1240684
1240685
1240686
1240687
1240689
1240690
1240692
1240693
1240695
1240697
1240698
1240700
1240701
1240703
1240704
1240707
1240710
1240713
1240716
1240719
1240731
1240734
1240737
1240749
1240752
1240755
1240758
1240761
1240764
1240767
1240770
1240773
1240776
1240779
1240782
1240785
1240788
1240791
1240794
1240797
1240800
1240812
1240815
1240818
1240830
1240833
1240836
1240839
1240842
1240845
1240848
1240851
1240854
1240857
1240860
1240863
1240866
1240869
1240872
1240875
1240878
1240881
1240893
1240896
1240899
1240911
1240914
1240917
1240920
1240923
1240926
1240929
1240932
1240935
1240938
1240941
1240944
1240947
1240950
1240953
1240956
1240959
1240962
1240974
1240977
1240980
1240992
1240995
1240998
1241487
1241490
1241493
1241496
1241499
1241502
1241505
1241508
1241511
1241514
1241517
1241520
1241523
1241526
1241529
1241541
1241544
1241547
1241559
1241562
1241565
1241568
1241571
1241574
1241577
1241580
1241583
1241586
1241589
1241592
1241595
1241598
1241601
1241604
1241607
1241610
1241622
1241625
1241628
1241640
1241643
1241646
1241649
1241652
1241655
1241658
1241661
1241664
1241667
1241670
1241673
1241676
1241679
1241682
1241685
1241688
1241691
1241703
1241706
1241709
1241721
1241724
1241727
1242216
1242219
1242222
1242225
1242228
1242231
1242243
1242245
1242246
1242248
1242249
1242251
1242252
1242253
1242254
1242255
1242256
1242257
1242258
1242259
1242260
1242261
1242262
1242264
1242265
1242267
1242268
1242279
1242282
1242285
1242288
1242291
1242294
1242297
1242300
1242303
1242306
1242309
1242312
1242324
1242326
1242327
1242329
1242330
1242332
1242333
1242334
1242335
1242336
1242337
1242338
1242339
1242340
1242341
1242342
1242343
1242345
1242346
1242348
1242349
1242360
1242363
1242366
1242369
1242372
1242375
1242378
1242381
1242384
1242387
1242390
1242393
1242405
1242407
1242408
1242410
1242411
1242413
1242414
1242415
1242416
1242417
1242418
1242419
1242420
1242421
1242422
1242423
1242424
1242426
1242427
1242429
1242430
1242441
1242444
1242447
1242450
1242453
1242456
1242459
1242462
1242465
1242468
1242471
1242474
1242486
1242488
1242489
1242491
1242492
1242494
1242495
1242496
1242497
1242498
1242499
1242500
1242501
1242502
1242503
1242504
1242505
1242507
1242508
1242510
1242511
1242522
1242525
1242528
1242531
1242534
1242537
1242540
1242543
1242546
1242549
1242552
1242555
1242567
1242569
1242570
1242572
1242573
1242575
1242576
1242577
1242578
1242579
1242580
1242581
1242582
1242583
1242584
1242585
1242586
1242588
1242589
1242591
1242592
1242603
1242606
1242609
1242612
1242615
1242618
1242621
1242624
1242627
1242630
1242633
1242636
1242648
1242650
1242651
1242653
1242654
1242656
1242657
1242658
1242659
1242660
1242661
1242662
1242663
1242664
1242665
1242666
1242667
1242669
1242670
1242672
1242673
1242684
1242687
1242690
1242693
1242696
1242699
1242702
1242705
1242708
1242711
1242714
1242717
1242729
1242731
1242732
1242734
1242735
1242737
1242738
1242739
1242740
1242741
1242742
1242743
1242744
1242745
1242746
1242747
1242748
1242750
1242751
1242753
1242754
1242765
1242768
1242771
1242774
1242777
1242780
1242783
1242786
1242789
1242792
1242795
1242798
1242810
1242812
1242813
1242815
1242816
1242818
1242819
1242820
1242821
1242822
1242823
1242824
1242825
1242826
1242827
1242828
1242829
1242831
1242832
1242834
1242835
1242846
1242849
1242852
1242855
1242858
1242861
1242864
1242867
1242870
1242873
1242876
1242879
1242891
1242893
1242894
1242896
1242897
1242899
1242900
1242901
1242902
1242903
1242904
1242905
1242906
1242907
1242908
1242909
1242910
1242912
1242913
1242915
1242916
1242927
1242930
1242933
1242936
1242939
1242942
1242945
1242948
1242951
1242954
1242957
1242960
1242972
1242975
1242978
1242981
1242984
1242987
1242990
1242993
1242996
1243008
1243011
1243014
1243017
1243020
1243023
1243026
1243029
1243032
1243035
1243038
1243041
1243053
1243056
1243059
1243062
1243065
1243068
1243071
1243074
1243077
1243089
1243092
1243095
1243098
1243101
1243104
1243107
1243110
1243113
1243116
1243119
1243122
1243134
1243137
1243140
1243143
1243146
1243149
1243152
1243155
1243158
1243170
1243173
1243176
1243179
1243182
1243185
1243674
1243677
1243680
1243683
1243686
1243689
1243701
1243704
1243707
1243710
1243713
1243716
1243719
1243722
1243725
1243737
1243740
1243743
1243746
1243749
1243752
1243755
1243758
1243761
1243764
1243767
1243770
1243782
1243785
1243788
1243791
1243794
1243797
1243800
1243803
1243806
1243818
1243821
1243824
1243827
1243830
1243833
1243836
1243839
1243842
1243845
1243848
1243851
1243863
1243866
1243869
1243872
1243875
1243878
1243881
1243884
1243887
1243899
1243902
1243905
1243908
1243911
1243914
1244403
1244406
1244409
1244421
1244424
1244427
1244439
1244442
1244445
1244448
1244451
1244454
1244457
1244458
1244460
1244461
1244463
1244464
1244466
1244468
1244469
1244471
1244472
1244474
1244475
1244476
1244477
1244478
1244479
1244480
1244481
1244482
1244483
1244484
1244487
1244490
1244502
1244505
1244508
1244520
1244523
1244526
1244529
1244532
1244535
1244538
1244539
1244541
1244542
1244544
1244545
1244547
1244549
1244550
1244552
1244553
1244555
1244556
1244557
1244558
1244559
1244560
1244561
1244562
1244563
1244564
1244565
1244568
1244571
1244583
1244586
1244589
1244601
1244604
1244607
1244610
1244613
1244616
1244619
1244620
1244622
1244623
1244625
1244626
1244628
1244630
1244631
1244633
1244634
1244636
1244637
1244638
1244639
1244640
1244641
1244642
1244643
1244644
1244645
1244646
1244649
1244652
1244664
1244667
1244670
1244682
1244685
1244688
1244691
1244694
1244697
1244700
1244701
1244703
1244704
1244706
1244707
1244709
1244711
1244712
1244714
1244715
1244717
1244718
1244719
1244720
1244721
1244722
1244723
1244724
1244725
1244726
1244727
1244730
1244733
1244745
1244748
1244751
1244763
1244766
1244769
1244772
1244775
1244778
1244781
1244782
1244784
1244785
1244787
1244788
1244790
1244792
1244793
1244795
1244796
1244798
1244799
1244800
1244801
1244802
1244803
1244804
1244805
1244806
1244807
1244808
1244811
1244814
1244826
1244829
1244832
1244844
1244847
1244850
1244853
1244856
1244859
1244862
1244863
1244865
1244866
1244868
1244869
1244871
1244873
1244874
1244876
1244877
1244879
1244880
1244881
1244882
1244883
1244884
1244885
1244886
1244887
1244888
1244889
1244892
1244895
1244907
1244910
1244913
1244925
1244928
1244931
1244934
1244937
1244940
1244943
1244944
1244946
1244947
1244949
1244950
1244952
1244954
1244955
1244957
1244958
1244960
1244961
1244962
1244963
1244964
1244965
1244966
1244967
1244968
1244969
1244970
1244973
1244976
1244988
1244991
1244994
1245006
1245009
1245012
1245015
1245018
1245021
1245024
1245025
1245027
1245028
1245030
1245031
1245033
1245035
1245036
1245038
1245039
1245041
1245042
1245043
1245044
1245045
1245046
1245047
1245048
1245049
1245050
1245051
1245054
1245057
1245069
1245072
1245075
1245087
1245090
1245093
1245096
1245099
1245102
1245105
1245106
1245108
1245109
1245111
1245112
1245114
1245116
1245117
1245119
1245120
1245122
1245123
1245124
1245125
1245126
1245127
1245128
1245129
1245130
1245131
1245132
1245135
1245138
1245150
1245153
1245156
1245168
1245171
1245174
1245177
1245180
1245183
1245186
1245189
1245192
1245195
1245198
1245201
1245204
1245207
1245210
1245213
1245216
1245219
1245231
1245234
1245237
1245249
1245252
1245255
1245258
1245261
1245264
1245267
1245270
1245273
1245276
1245279
1245282
1245285
1245288
1245291
1245294
1245297
1245300
1245312
1245315
1245318
1245330
1245333
1245336
1245339
1245342
1245345
1245348
1245351
1245354
1245357
1245360
1245363
1245366
1245369
1245372
1245861
1245864
1245867
1245879
1245882
1245885
1245897
1245900
1245903
1245906
1245909
1245912
1245915
1245918
1245921
1245924
1245927
1245930
1245933
1245936
1245939
1245942
1245945
1245948
1245960
1245963
1245966
1245978
1245981
1245984
1245987
1245990
1245993
1245996
1245999
1246002
1246005
1246008
1246011
1246014
1246017
1246020
1246023
1246026
1246029
1246041
1246044
1246047
1246059
1246062
1246065
1246068
1246071
1246074
1246077
1246080
1246083
1246086
1246089
1246092
1246095
1246098
1246101
1246590
1246591
1246592
1246593
1246594
1246595
1246596
1246597
1246598
1246599
1246600
1246602
1246603
1246605
1246606
1246608
1246610
1246611
1246613
1246614
1246616
1246617
1246620
1246623
1246626
1246629
1246632
1246644
1246647
1246650
1246662
1246665
1246668
1246671
1246672
1246673
1246674
1246675
1246676
1246677
1246678
1246679
1246680
1246681
1246683
1246684
1246686
1246687
1246689
1246691
1246692
1246694
1246695
1246697
1246698
1246701
1246704
1246707
1246710
1246713
1246725
1246728
1246731
1246743
1246746
1246749
1246752
1246753
1246754
1246755
1246756
1246757
1246758
1246759
1246760
1246761
1246762
1246764
1246765
1246767
1246768
1246770
1246772
1246773
1246775
1246776
1246778
1246779
1246782
1246785
1246788
1246791
1246794
1246806
1246809
1246812
1246824
1246827
1246830
1247076
1247077
1247078
1247079
1247080
1247081
1247082
1247083
1247084
1247085
1247086
1247088
1247089
1247091
1247092
1247094
1247096
1247097
1247099
1247100
1247102
1247103
1247106
1247109
1247112
1247115
1247118
1247130
1247133
1247136
1247148
1247151
1247154
1247157
1247158
1247159
1247160
1247161
1247162
1247163
1247164
1247165
1247166
1247167
1247169
1247170
1247172
1247173
1247175
1247177
1247178
1247180
1247181
1247183
1247184
1247187
1247190
1247193
1247196
1247199
1247211
1247214
1247217
1247229
1247232
1247235
1247238
1247239
1247240
1247241
1247242
1247243
1247244
1247245
1247246
1247247
1247248
1247250
1247251
1247253
1247254
1247256
1247258
1247259
1247261
1247262
1247264
1247265
1247268
1247271
1247274
1247277
1247280
1247292
1247295
1247298
1247310
1247313
1247316
1247805
1247808
1247811
1247814
1247817
1247820
1247823
1247826
1247829
1247832
1247835
1247838
1247841
1247844
1247847
1247859
1247862
1247865
1247877
1247880
1247883
1247886
1247889
1247892
1247895
1247898
1247901
1247904
1247907
1247910
1247913
1247916
1247919
1247922
1247925
1247928
1247940
1247943
1247946
1247958
1247961
1247964
1247967
1247970
1247973
1247976
1247979
1247982
1247985
1247988
1247991
1247994
1247997
1248000
1248003
1248006
1248009
1248021
1248024
1248027
1248039
1248042
1248045
1248534
1248537
1248540
1248543
1248546
1248549
1248552
1248555
1248558
1248561
1248564
1248567
1248570
1248573
1248576
1248588
1248591
1248594
1248606
1248609
1248612
1248615
1248618
1248621
1248624
1248627
1248630
1248633
1248636
1248639
1248642
1248645
1248648
1248651
1248654
1248657
1248669
1248672
1248675
1248687
1248690
1248693
1248696
1248699
1248702
1248705
1248708
1248711
1248714
1248717
1248720
1248723
1248726
1248729
1248732
1248735
1248738
1248750
1248753
1248756
1248768
1248771
1248774
1248777
1248780
1248783
1248786
1248789
1248792
1248804
1248806
1248807
1248809
1248810
1248812
1248813
1248814
1248815
1248816
1248817
1248818
1248819
1248820
1248821
1248822
1248823
1248825
1248826
1248828
1248829
1248840
1248843
1248846
1248849
1248852
1248855
1248858
1248861
1248864
1248867
1248870
1248873
1248885
1248887
1248888
1248890
1248891
1248893
1248894
1248895
1248896
1248897
1248898
1248899
1248900
1248901
1248902
1248903
1248904
1248906
1248907
1248909
1248910
1248921
1248924
1248927
1248930
1248933
1248936
1248939
1248942
1248945
1248948
1248951
1248954
1248966
1248968
1248969
1248971
1248972
1248974
1248975
1248976
1248977
1248978
1248979
1248980
1248981
1248982
1248983
1248984
1248985
1248987
1248988
1248990
1248991
1249002
1249005
1249008
1249011
1249014
1249017
1249263
1249266
1249269
1249272
1249275
1249278
1249290
1249292
1249293
1249295
1249296
1249298
1249299
1249300
1249301
1249302
1249303
1249304
1249305
1249306
1249307
1249308
1249309
1249311
1249312
1249314
1249315
1249326
1249329
1249332
1249335
1249338
1249341
1249344
1249347
1249350
1249353
1249356
1249359
1249371
1249373
1249374
1249376
1249377
1249379
1249380
1249381
1249382
1249383
1249384
1249385
1249386
1249387
1249388
1249389
1249390
1249392
1249393
1249395
1249396
1249407
1249410
1249413
1249416
1249419
1249422
1249425
1249428
1249431
1249434
1249437
1249440
1249452
1249454
1249455
1249457
1249458
1249460
1249461
1249462
1249463
1249464
1249465
1249466
1249467
1249468
1249469
1249470
1249471
1249473
1249474
1249476
1249477
1249488
1249491
1249494
1249497
1249500
1249503
1249992
1249995
1249998
1250001
1250004
1250007
1250019
1250022
1250025
1250028
1250031
1250034
1250037
1250040
1250043
1250055
1250058
1250061
1250064
1250067
1250070
1250073
1250076
1250079
1250082
1250085
1250088
1250100
1250103
1250106
1250109
1250112
1250115
1250118
1250121
1250124
1250136
1250139
1250142
1250145
1250148
1250151
1250154
1250157
1250160
1250163
1250166
1250169
1250181
1250184
1250187
1250190
1250193
1250196
1250199
1250202
1250205
1250217
1250220
1250223
1250226
1250229
1250232
1250721
1250724
1250727
1250730
1250733
1250736
1250748
1250751
1250754
1250757
1250760
1250763
1250766
1250769
1250772
1250784
1250787
1250790
1250793
1250796
1250799
1250802
1250805
1250808
1250811
1250814
1250817
1250829
1250832
1250835
1250838
1250841
1250844
1250847
1250850
1250853
1250865
1250868
1250871
1250874
1250877
1250880
1250883
1250886
1250889
1250892
1250895
1250898
1250910
1250913
1250916
1250919
1250922
1250925
1250928
1250931
1250934
1250946
1250949
1250952
1250955
1250958
1250961
1250964
1250967
1250970
1250982
1250985
1250988
1251000
1251003
1251006
1251009
1251012
1251015
1251018
1251019
1251021
1251022
1251024
1251025
1251027
1251029
1251030
1251032
1251033
1251035
1251036
1251037
1251038
1251039
1251040
1251041
1251042
1251043
1251044
1251045
1251048
1251051
1251063
1251066
1251069
1251081
1251084
1251087
1251090
1251093
1251096
1251099
1251100
1251102
1251103
1251105
1251106
1251108
1251110
1251111
1251113
1251114
1251116
1251117
1251118
1251119
1251120
1251121
1251122
1251123
1251124
1251125
1251126
1251129
1251132
1251144
1251147
1251150
1251162
1251165
1251168
1251171
1251174
1251177
1251180
1251181
1251183
1251184
1251186
1251187
1251189
1251191
1251192
1251194
1251195
1251197
1251198
1251199
1251200
1251201
1251202
1251203
1251204
1251205
1251206
1251450
1251453
1251456
1251468
1251471
1251474
1251486
1251489
1251492
1251495
1251498
1251501
1251504
1251505
1251507
1251508
1251510
1251511
1251513
1251515
1251516
1251518
1251519
1251521
1251522
1251523
1251524
1251525
1251526
1251527
1251528
1251529
1251530
1251531
1251534
1251537
1251549
1251552
1251555
1251567
1251570
1251573
1251576
1251579
1251582
1251585
1251586
1251588
1251589
1251591
1251592
1251594
1251596
1251597
1251599
1251600
1251602
1251603
1251604
1251605
1251606
1251607
1251608
1251609
1251610
1251611
1251612
1251615
1251618
1251630
1251633
1251636
1251648
1251651
1251654
1251657
1251660
1251663
1251666
1251667
1251669
1251670
1251672
1251673
1251675
1251677
1251678
1251680
1251681
1251683
1251684
1251685
1251686
1251687
1251688
1251689
1251690
1251691
1251692
1252179
1252182
1252185
1252197
1252200
1252203
1252215
1252218
1252221
1252224
1252227
1252230
1252233
1252236
1252239
1252242
1252245
1252248
1252251
1252254
1252257
1252260
1252263
1252266
1252278
1252281
1252284
1252296
1252299
1252302
1252305
1252308
1252311
1252314
1252317
1252320
1252323
1252326
1252329
1252332
1252335
1252338
1252341
1252344
1252347
1252359
1252362
1252365
1252377
1252380
1252383
1252386
1252389
1252392
1252395
1252398
1252401
1252404
1252407
1252410
1252413
1252416
1252419
1252908
1252911
1252914
1252926
1252929
1252932
1252944
1252947
1252950
1252953
1252956
1252959
1252962
1252965
1252968
1252971
1252974
1252977
1252980
1252983
1252986
1252989
1252992
1252995
1253007
1253010
1253013
1253025
1253028
1253031
1253034
1253037
1253040
1253043
1253046
1253049
1253052
1253055
1253058
1253061
1253064
1253067
1253070
1253073
1253076
1253088
1253091
1253094
1253106
1253109
1253112
1253115
1253118
1253121
1253124
1253127
1253130
1253133
1253136
1253139
1253142
1253145
1253148
1253151
1253152
1253153
1253154
1253155
1253156
1253157
1253158
1253159
1253160
1253161
1253163
1253164
1253166
1253167
1253169
1253171
1253172
1253174
1253175
1253177
1253178
1253181
1253184
1253187
1253190
1253193
1253205
1253208
1253211
1253223
1253226
1253229
1253232
1253233
1253234
1253235
1253236
1253237
1253238
1253239
1253240
1253241
1253242
1253244
1253245
1253247
1253248
1253250
1253252
1253253
1253255
1253256
1253258
1253259
1253262
1253265
1253268
1253271
1253274
1253286
1253289
1253292
1253304
1253307
1253310
1253313
1253314
1253315
1253316
1253317
1253318
1253319
1253320
1253321
1253322
1253323
1253325
1253326
1253328
1253329
1253331
1253333
1253334
1253336
1253337
1253339
1253340
1253343
1253346
1253349
1253352
1253355
1253367
1253370
1253373
1253385
1253388
1253391
1253394
1253395
1253396
1253397
1253398
1253399
1253400
1253401
1253402
1253403
1253404
1253406
1253407
1253409
1253410
1253412
1253414
1253415
1253417
1253418
1253420
1253421
1253424
1253427
1253430
1253433
1253436
1253448
1253451
1253454
1253466
1253469
1253472
1253475
1253476
1253477
1253478
1253479
1253480
1253481
1253482
1253483
1253484
1253485
1253487
1253488
1253490
1253491
1253493
1253495
1253496
1253498
1253499
1253501
1253502
1253505
1253508
1253511
1253514
1253517
1253529
1253532
1253535
1253547
1253550
1253553
1253556
1253557
1253558
1253559
1253560
1253561
1253562
1253563
1253564
1253565
1253566
1253568
1253569
1253571
1253572
1253574
1253576
1253577
1253579
1253580
1253582
1253583
1253586
1253589
1253592
1253595
1253598
1253610
1253613
1253616
1253628
1253631
1253634
1254123
1254126
1254129
1254132
1254135
1254138
1254141
1254144
1254147
1254150
1254153
1254156
1254159
1254162
1254165
1254177
1254180
1254183
1254195
1254198
1254201
1254204
1254207
1254210
1254213
1254216
1254219
1254222
1254225
1254228
1254231
1254234
1254237
1254240
1254243
1254246
1254258
1254261
1254264
1254276
1254279
1254282
1254285
1254288
1254291
1254294
1254297
1254300
1254303
1254306
1254309
1254312
1254315
1254318
1254321
1254324
1254327
1254339
1254342
1254345
1254357
1254360
1254363
1254852
1254855
1254858
1254861
1254864
1254867
1254870
1254873
1254876
1254879
1254882
1254885
1254888
1254891
1254894
1254906
1254909
1254912
1254924
1254927
1254930
1254933
1254936
1254939
1254942
1254945
1254948
1254951
1254954
1254957
1254960
1254963
1254966
1254969
1254972
1254975
1254987
1254990
1254993
1255005
1255008
1255011
1255014
1255017
1255020
1255023
1255026
1255029
1255032
1255035
1255038
1255041
1255044
1255047
1255050
1255053
1255056
1255068
1255071
1255074
1255086
1255089
1255092
1255338
1255341
1255344
1255347
1255350
1255353
1255365
1255367
1255368
1255370
1255371
1255373
1255374
1255375
1255376
1255377
1255378
1255379
1255380
1255381
1255382
1255383
1255384
1255386
1255387
1255389
1255390
1255401
1255404
1255407
1255410
1255413
1255416
1255419
1255422
1255425
1255428
1255431
1255434
1255446
1255448
1255449
1255451
1255452
1255454
1255455
1255456
1255457
1255458
1255459
1255460
1255461
1255462
1255463
1255464
1255465
1255467
1255468
1255470
1255471
1255482
1255485
1255488
1255491
1255494
1255497
1255500
1255503
1255506
1255509
1255512
1255515
1255527
1255529
1255530
1255532
1255533
1255535
1255536
1255537
1255538
1255539
1255540
1255541
1255542
1255543
1255544
1255545
1255546
1255548
1255549
1255551
1255552
1255563
1255566
1255569
1255572
1255575
1255578
1255581
1255584
1255587
1255590
1255593
1255596
1255608
1255610
1255611
1255613
1255614
1255616
1255617
1255618
1255619
1255620
1255621
1255622
1255623
1255624
1255625
1255626
1255627
1255629
1255630
1255632
1255633
1255644
1255647
1255650
1255653
1255656
1255659
1255662
1255665
1255668
1255671
1255674
1255677
1255689
1255691
1255692
1255694
1255695
1255697
1255698
1255699
1255700
1255701
1255702
1255703
1255704
1255705
1255706
1255707
1255708
1255710
1255711
1255713
1255714
1255725
1255728
1255731
1255734
1255737
1255740
1255743
1255746
1255749
1255752
1255755
1255758
1255770
1255772
1255773
1255775
1255776
1255778
1255779
1255780
1255781
1255782
1255783
1255784
1255785
1255786
1255787
1255788
1255789
1255791
1255792
1255794
1255795
1255806
1255809
1255812
1255815
1255818
1255821
1256310
1256313
1256316
1256319
1256322
1256325
1256337
1256340
1256343
1256346
1256349
1256352
1256355
1256358
1256361
1256373
1256376
1256379
1256382
1256385
1256388
1256391
1256394
1256397
1256400
1256403
1256406
1256418
1256421
1256424
1256427
1256430
1256433
1256436
1256439
1256442
1256454
1256457
1256460
1256463
1256466
1256469
1256472
1256475
1256478
1256481
1256484
1256487
1256499
1256502
1256505
1256508
1256511
1256514
1256517
1256520
1256523
1256535
1256538
1256541
1256544
1256547
1256550
1257039
1257042
1257045
1257048
1257051
1257054
1257066
1257069
1257072
1257075
1257078
1257081
1257084
1257087
1257090
1257102
1257105
1257108
1257111
1257114
1257117
1257120
1257123
1257126
1257129
1257132
1257135
1257147
1257150
1257153
1257156
1257159
1257162
1257165
1257168
1257171
1257183
1257186
1257189
1257192
1257195
1257198
1257201
1257204
1257207
1257210
1257213
1257216
1257228
1257231
1257234
1257237
1257240
1257243
1257246
1257249
1257252
1257264
1257267
1257270
1257273
1257276
1257279
1257525
1257528
1257531
1257543
1257546
1257549
1257561
1257564
1257567
1257570
1257573
1257576
1257579
1257580
1257582
1257583
1257585
1257586
1257588
1257590
1257591
1257593
1257594
1257596
1257597
1257598
1257599
1257600
1257601
1257602
1257603
1257604
1257605
1257606
1257609
1257612
1257624
1257627
1257630
1257642
1257645
1257648
1257651
1257654
1257657
1257660
1257661
1257663
1257664
1257666
1257667
1257669
1257671
1257672
1257674
1257675
1257677
1257678
1257679
1257680
1257681
1257682
1257683
1257684
1257685
1257686
1257687
1257690
1257693
1257705
1257708
1257711
1257723
1257726
1257729
1257732
1257735
1257738
1257741
1257742
1257744
1257745
1257747
1257748
1257750
1257752
1257753
1257755
1257756
1257758
1257759
1257760
1257761
1257762
1257763
1257764
1257765
1257766
1257767
1257768
1257771
1257774
1257786
1257789
1257792
1257804
1257807
1257810
1257813
1257816
1257819
1257822
1257823
1257825
1257826
1257828
1257829
1257831
1257833
1257834
1257836
1257837
1257839
1257840
1257841
1257842
1257843
1257844
1257845
1257846
1257847
1257848
1257849
1257852
1257855
1257867
1257870
1257873
1257885
1257888
1257891
1257894
1257897
1257900
1257903
1257904
1257906
1257907
1257909
1257910
1257912
1257914
1257915
1257917
1257918
1257920
1257921
1257922
1257923
1257924
1257925
1257926
1257927
1257928
1257929
1257930
1257933
1257936
1257948
1257951
1257954
1257966
1257969
1257972
1257975
1257978
1257981
1257984
1257985
1257987
1257988
1257990
1257991
1257993
1257995
1257996
1257998
1257999
1258001
1258002
1258003
1258004
1258005
1258006
1258007
1258008
1258009
1258010
1258497
1258500
1258503
1258515
1258518
1258521
1258533
1258536
1258539
1258542
1258545
1258548
1258551
1258554
1258557
1258560
1258563
1258566
1258569
1258572
1258575
1258578
1258581
1258584
1258596
1258599
1258602
1258614
1258617
1258620
1258623
1258626
1258629
1258632
1258635
1258638
1258641
1258644
1258647
1258650
1258653
1258656
1258659
1258662
1258665
1258677
1258680
1258683
1258695
1258698
1258701
1258704
1258707
1258710
1258713
1258716
1258719
1258722
1258725
1258728
1258731
1258734
1258737
1259226
1259229
1259232
1259244
1259247
1259250
1259262
1259265
1259268
1259271
1259274
1259277
1259280
1259283
1259286
1259289
1259292
1259295
1259298
1259301
1259304
1259307
1259310
1259313
1259325
1259328
1259331
1259343
1259346
1259349
1259352
1259355
1259358
1259361
1259364
1259367
1259370
1259373
1259376
1259379
1259382
1259385
1259388
1259391
1259394
1259406
1259409
1259412
1259424
1259427
1259430
1259433
1259436
1259439
1259442
1259445
1259448
1259451
1259454
1259457
1259460
1259463
1259466
1259712
1259713
1259714
1259715
1259716
1259717
1259718
1259719
1259720
1259721
1259722
1259724
1259725
1259727
1259728
1259730
1259732
1259733
1259735
1259736
1259738
1259739
1259742
1259745
1259748
1259751
1259754
1259766
1259769
1259772
1259784
1259787
1259790
1259793
1259794
1259795
1259796
1259797
1259798
1259799
1259800
1259801
1259802
1259803
1259805
1259806
1259808
1259809
1259811
1259813
1259814
1259816
1259817
1259819
1259820
1259823
1259826
1259829
1259832
1259835
1259847
1259850
1259853
1259865
1259868
1259871
1259874
1259875
1259876
1259877
1259878
1259879
1259880
1259881
1259882
1259883
1259884
1259886
1259887
1259889
1259890
1259892
1259894
1259895
1259897
1259898
1259900
1259901
1259904
1259907
1259910
1259913
1259916
1259928
1259931
1259934
1259946
1259949
1259952
1260441
1260444
1260447
1260450
1260453
1260456
1260459
1260462
1260465
1260468
1260471
1260474
1260477
1260480
1260483
1260495
1260498
1260501
1260513
1260516
1260519
1260522
1260525
1260528
1260531
1260534
1260537
1260540
1260543
1260546
1260549
1260552
1260555
1260558
1260561
1260564
1260576
1260579
1260582
1260594
1260597
1260600
1260603
1260606
1260609
1260612
1260615
1260618
1260621
1260624
1260627
1260630
1260633
1260636
1260639
1260642
1260645
1260657
1260660
1260663
1260675
1260678
1260681
1261170
1261173
1261176
1261179
1261182
1261185
1261188
1261191
1261194
1261197
1261200
1261203
1261206
1261209
1261212
1261224
1261227
1261230
1261242
1261245
1261248
1261251
1261254
1261257
1261260
1261263
1261266
1261269
1261272
1261275
1261278
1261281
1261284
1261287
1261290
1261293
1261305
1261308
1261311
1261323
1261326
1261329
1261332
1261335
1261338
1261341
1261344
1261347
1261350
1261353
1261356
1261359
1261362
1261365
1261368
1261371
1261374
1261386
1261389
1261392
1261404
1261407
1261410
1261899
1261902
1261905
1261908
1261911
1261914
1261926
1261928
1261929
1261931
1261932
1261934
1261935
1261936
1261937
1261938
1261939
1261940
1261941
1261942
1261943
1261944
1261945
1261947
1261948
1261950
1261951
1261962
1261965
1261968
1261971
1261974
1261977
1261980
1261983
1261986
1261989
1261992
1261995
1262007
1262009
1262010
1262012
1262013
1262015
1262016
1262017
1262018
1262019
1262020
1262021
1262022
1262023
1262024
1262025
1262026
1262028
1262029
1262031
1262032
1262043
1262046
1262049
1262052
1262055
1262058
1262061
1262064
1262067
1262070
1262073
1262076
1262088
1262090
1262091
1262093
1262094
1262096
1262097
1262098
1262099
1262100
1262101
1262102
1262103
1262104
1262105
1262106
1262107
1262109
1262110
1262112
1262113
1262124
1262127
1262130
1262133
1262136
1262139
1262628
1262631
1262634
1262637
1262640
1262643
1262655
1262658
1262661
1262664
1262667
1262670
1262673
1262676
1262679
1262691
1262694
1262697
1262700
1262703
1262706
1262709
1262712
1262715
1262718
1262721
1262724
1262736
1262739
1262742
1262745
1262748
1262751
1262754
1262757
1262760
1262772
1262775
1262778
1262781
1262784
1262787
1262790
1262793
1262796
1262799
1262802
1262805
1262817
1262820
1262823
1262826
1262829
1262832
1262835
1262838
1262841
1262853
1262856
1262859
1262862
1262865
1262868
1263357
1263360
1263363
1263366
1263369
1263372
1263384
1263387
1263390
1263393
1263396
1263399
1263402
1263405
1263408
1263420
1263423
1263426
1263429
1263432
1263435
1263438
1263441
1263444
1263447
1263450
1263453
1263465
1263468
1263471
1263474
1263477
1263480
1263483
1263486
1263489
1263501
1263504
1263507
1263510
1263513
1263516
1263519
1263522
1263525
1263528
1263531
1263534
1263546
1263549
1263552
1263555
1263558
1263561
1263564
1263567
1263570
1263582
1263585
1263588
1263591
1263594
1263597
1264086
1264089
1264092
1264104
1264107
1264110
1264122
1264125
1264128
1264131
1264134
1264137
1264140
1264141
1264143
1264144
1264146
1264147
1264149
1264151
1264152
1264154
1264155
1264157
1264158
1264159
1264160
1264161
1264162
1264163
1264164
1264165
1264166
1264167
1264170
1264173
1264185
1264188
1264191
1264203
1264206
1264209
1264212
1264215
1264218
1264221
1264222
1264224
1264225
1264227
1264228
1264230
1264232
1264233
1264235
1264236
1264238
1264239
1264240
1264241
1264242
1264243
1264244
1264245
1264246
1264247
1264248
1264251
1264254
1264266
1264269
1264272
1264284
1264287
1264290
1264293
1264296
1264299
1264302
1264303
1264305
1264306
1264308
1264309
1264311
1264313
1264314
1264316
1264317
1264319
1264320
1264321
1264322
1264323
1264324
1264325
1264326
1264327
1264328
1264815
1264818
1264821
1264833
1264836
1264839
1264851
1264854
1264857
1264860
1264863
1264866
1264869
1264872
1264875
1264878
1264881
1264884
1264887
1264890
1264893
1264896
1264899
1264902
1264914
1264917
1264920
1264932
1264935
1264938
1264941
1264944
1264947
1264950
1264953
1264956
1264959
1264962
1264965
1264968
1264971
1264974
1264977
1264980
1264983
1264995
1264998
1265001
1265013
1265016
1265019
1265022
1265025
1265028
1265031
1265034
1265037
1265040
1265043
1265046
1265049
1265052
1265055
1265544
1265547
1265550
1265562
1265565
1265568
1265580
1265583
1265586
1265589
1265592
1265595
1265598
1265601
1265604
1265607
1265610
1265613
1265616
1265619
1265622
1265625
1265628
1265631
1265643
1265646
1265649
1265661
1265664
1265667
1265670
1265673
1265676
1265679
1265682
1265685
1265688
1265691
1265694
1265697
1265700
1265703
1265706
1265709
1265712
1265724
1265727
1265730
1265742
1265745
1265748
1265751
1265754
1265757
1265760
1265763
1265766
1265769
1265772
1265775
1265778
1265781
1265784
1266759
1266760
1266761
1266762
1266763
1266764
1266765
1266766
1266767
1266768
1266769
1266771
1266772
1266774
1266775
1266777
1266779
1266780
1266782
1266783
1266785
1266786
1266789
1266792
1266795
1266798
1266801
1266813
1266816
1266819
1266831
1266834
1266837
1266840
1266841
1266842
1266843
1266844
1266845
1266846
1266847
1266848
1266849
1266850
1266852
1266853
1266855
1266856
1266858
1266860
1266861
1266863
1266864
1266866
1266867
1266870
1266873
1266876
1266879
1266882
1266894
1266897
1266900
1266912
1266915
1266918
1266921
1266922
1266923
1266924
1266925
1266926
1266927
1266928
1266929
1266930
1266931
1266933
1266934
1266936
1266937
1266939
1266941
1266942
1266944
1266945
1266947
1266948
1266951
1266954
1266957
1266960
1266963
1266975
1266978
1266981
1266993
1266996
1266999
1267488
1267491
1267494
1267497
1267500
1267503
1267506
1267509
1267512
1267515
1267518
1267521
1267524
1267527
1267530
1267542
1267545
1267548
1267560
1267563
1267566
1267569
1267572
1267575
1267578
1267581
1267584
1267587
1267590
1267593
1267596
1267599
1267602
1267605
1267608
1267611
1267623
1267626
1267629
1267641
1267644
1267647
1267650
1267653
1267656
1267659
1267662
1267665
1267668
1267671
1267674
1267677
1267680
1267683
1267686
1267689
1267692
1267704
1267707
1267710
1267722
1267725
1267728
1268217
1268220
1268223
1268226
1268229
1268232
1268235
1268238
1268241
1268244
1268247
1268250
1268253
1268256
1268259
1268271
1268274
1268277
1268289
1268292
1268295
1268298
1268301
1268304
1268307
1268310
1268313
1268316
1268319
1268322
1268325
1268328
1268331
1268334
1268337
1268340
1268352
1268355
1268358
1268370
1268373
1268376
1268379
1268382
1268385
1268388
1268391
1268394
1268397
1268400
1268403
1268406
1268409
1268412
1268415
1268418
1268421
1268433
1268436
1268439
1268451
1268454
1268457
1268946
1268949
1268952
1268955
1268958
1268961
1268973
1268975
1268976
1268978
1268979
1268981
1268982
1268983
1268984
1268985
1268986
1268987
1268988
1268989
1268990
1268991
1268992
1268994
1268995
1268997
1268998
1269009
1269012
1269015
1269018
1269021
1269024
1269027
1269030
1269033
1269036
1269039
1269042
1269054
1269056
1269057
1269059
1269060
1269062
1269063
1269064
1269065
1269066
1269067
1269068
1269069
1269070
1269071
1269072
1269073
1269075
1269076
1269078
1269079
1269090
1269093
1269096
1269099
1269102
1269105
1269108
1269111
1269114
1269117
1269120
1269123
1269135
1269137
1269138
1269140
1269141
1269143
1269144
1269145
1269146
1269147
1269148
1269149
1269150
1269151
1269152
1269153
1269154
1269156
1269157
1269159
1269160
1269171
1269174
1269177
1269180
1269183
1269186
1269675
1269678
1269681
1269684
1269687
1269690
1269702
1269705
1269708
1269711
1269714
1269717
1269720
1269723
1269726
1269738
1269741
1269744
1269747
1269750
1269753
1269756
1269759
1269762
1269765
1269768
1269771
1269783
1269786
1269789
1269792
1269795
1269798
1269801
1269804
1269807
1269819
1269822
1269825
1269828
1269831
1269834
1269837
1269840
1269843
1269846
1269849
1269852
1269864
1269867
1269870
1269873
1269876
1269879
1269882
1269885
1269888
1269900
1269903
1269906
1269909
1269912
1269915
1270404
1270407
1270410
1270413
1270416
1270419
1270431
1270434
1270437
1270440
1270443
1270446
1270449
1270452
1270455
1270467
1270470
1270473
1270476
1270479
1270482
1270485
1270488
1270491
1270494
1270497
1270500
1270512
1270515
1270518
1270521
1270524
1270527
1270530
1270533
1270536
1270548
1270551
1270554
1270557
1270560
1270563
1270566
1270569
1270572
1270575
1270578
1270581
1270593
1270596
1270599
1270602
1270605
1270608
1270611
1270614
1270617
1270629
1270632
1270635
1270638
1270641
1270644
1271133
1271136
1271139
1271151
1271154
1271157
1271169
1271172
1271175
1271178
1271181
1271184
1271187
1271188
1271190
1271191
1271193
1271194
1271196
1271198
1271199
1271201
1271202
1271204
1271205
1271206
1271207
1271208
1271209
1271210
1271211
1271212
1271213
1271214
1271217
1271220
1271232
1271235
1271238
1271250
1271253
1271256
1271259
1271262
1271265
1271268
1271269
1271271
1271272
1271274
1271275
1271277
1271279
1271280
1271282
1271283
1271285
1271286
1271287
1271288
1271289
1271290
1271291
1271292
1271293
1271294
1271295
1271298
1271301
1271313
1271316
1271319
1271331
1271334
1271337
1271340
1271343
1271346
1271349
1271350
1271352
1271353
1271355
1271356
1271358
1271360
1271361
1271363
1271364
1271366
1271367
1271368
1271369
1271370
1271371
1271372
1271373
1271374
1271375
1271862
1271865
1271868
1271880
1271883
1271886
1271898
1271901
1271904
1271907
1271910
1271913
1271916
1271919
1271922
1271925
1271928
1271931
1271934
1271937
1271940
1271943
1271946
1271949
1271961
1271964
1271967
1271979
1271982
1271985
1271988
1271991
1271994
1271997
1272000
1272003
1272006
1272009
1272012
1272015
1272018
1272021
1272024
1272027
1272030
1272042
1272045
1272048
1272060
1272063
1272066
1272069
1272072
1272075
1272078
1272081
1272084
1272087
1272090
1272093
1272096
1272099
1272102
1272591
1272594
1272597
1272609
1272612
1272615
1272627
1272630
1272633
1272636
1272639
1272642
1272645
1272648
1272651
1272654
1272657
1272660
1272663
1272666
1272669
1272672
1272675
1272678
1272690
1272693
1272696
1272708
1272711
1272714
1272717
1272720
1272723
1272726
1272729
1272732
1272735
1272738
1272741
1272744
1272747
1272750
1272753
1272756
1272759
1272771
1272774
1272777
1272789
1272792
1272795
1272798
1272801
1272804
1272807
1272810
1272813
1272816
1272819
1272822
1272825
1272828
1272831
1279395
1279396
1279397
1279398
1279399
1279400
1279401
1279402
1279403
1279404
1279405
1279407
1279408
1279410
1279411
1279413
1279415
1279416
1279418
1279419
1279421
1279422
1279425
1279428
1279431
1279434
1279437
1279449
1279452
1279455
1279467
1279470
1279473
1279476
1279477
1279478
1279479
1279480
1279481
1279482
1279483
1279484
1279485
1279486
1279488
1279489
1279491
1279492
1279494
1279496
1279497
1279499
1279500
1279502
1279503
1279506
1279509
1279512
1279515
1279518
1279530
1279533
1279536
1279548
1279551
1279554
1279557
1279558
1279559
1279560
1279561
1279562
1279563
1279564
1279565
1279566
1279567
1279569
1279570
1279572
1279573
1279575
1279577
1279578
1279580
1279581
1279583
1279584
1279587
1279590
1279593
1279596
1279599
1279611
1279614
1279617
1279629
1279632
1279635
1280124
1280127
1280130
1280133
1280136
1280139
1280142
1280145
1280148
1280151
1280154
1280157
1280160
1280163
1280166
1280178
1280181
1280184
1280196
1280199
1280202
1280205
1280208
1280211
1280214
1280217
1280220
1280223
1280226
1280229
1280232
1280235
1280238
1280241
1280244
1280247
1280259
1280262
1280265
1280277
1280280
1280283
1280286
1280289
1280292
1280295
1280298
1280301
1280304
1280307
1280310
1280313
1280316
1280319
1280322
1280325
1280328
1280340
1280343
1280346
1280358
1280361
1280364
1280853
1280856
1280859
1280862
1280865
1280868
1280871
1280874
1280877
1280880
1280883
1280886
1280889
1280892
1280895
1280907
1280910
1280913
1280925
1280928
1280931
1280934
1280937
1280940
1280943
1280946
1280949
1280952
1280955
1280958
1280961
1280964
1280967
1280970
1280973
1280976
1280988
1280991
1280994
1281006
1281009
1281012
1281015
1281018
1281021
1281024
1281027
1281030
1281033
1281036
1281039
1281042
1281045
1281048
1281051
1281054
1281057
1281069
1281072
1281075
1281087
1281090
1281093
1281582
1281585
1281588
1281591
1281594
1281597
1281609
1281611
1281612
1281614
1281615
1281617
1281618
1281619
1281620
1281621
1281622
1281623
1281624
1281625
1281626
1281627
1281628
1281630
1281631
1281633
1281634
1281645
1281648
1281651
1281654
1281657
1281660
1281663
1281666
1281669
1281672
1281675
1281678
1281690
1281692
1281693
1281695
1281696
1281698
1281699
1281700
1281701
1281702
1281703
1281704
1281705
1281706
1281707
1281708
1281709
1281711
1281712
1281714
1281715
1281726
1281729
1281732
1281735
1281738
1281741
1281744
1281747
1281750
1281753
1281756
1281759
1281771
1281773
1281774
1281776
1281777
1281779
1281780
1281781
1281782
1281783
1281784
1281785
1281786
1281787
1281788
1281789
1281790
1281792
1281793
1281795
1281796
1281807
1281810
1281813
1281816
1281819
1281822
1282311
1282314
1282317
1282320
1282323
1282326
1282338
1282341
1282344
1282347
1282350
1282353
1282356
1282359
1282362
1282374
1282377
1282380
1282383
1282386
1282389
1282392
1282395
1282398
1282401
1282404
1282407
1282419
1282422
1282425
1282428
1282431
1282434
1282437
1282440
1282443
1282455
1282458
1282461
1282464
1282467
1282470
1282473
1282476
1282479
1282482
1282485
1282488
1282500
1282503
1282506
1282509
1282512
1282515
1282518
1282521
1282524
1282536
1282539
1282542
1282545
1282548
1282551
1283040
1283043
1283046
1283049
1283052
1283055
1283067
1283070
1283073
1283076
1283079
1283082
1283085
1283088
1283091
1283103
1283106
1283109
1283112
1283115
1283118
1283121
1283124
1283127
1283130
1283133
1283136
1283148
1283151
1283154
1283157
1283160
1283163
1283166
1283169
1283172
1283184
1283187
1283190
1283193
1283196
1283199
1283202
1283205
1283208
1283211
1283214
1283217
1283229
1283232
1283235
1283238
1283241
1283244
1283247
1283250
1283253
1283265
1283268
1283271
1283274
1283277
1283280
1283769
1283772
1283775
1283787
1283790
1283793
1283805
1283808
1283811
1283814
1283817
1283820
1283823
1283824
1283826
1283827
1283829
1283830
1283832
1283834
1283835
1283837
1283838
1283840
1283841
1283842
1283843
1283844
1283845
1283846
1283847
1283848
1283849
1283850
1283853
1283856
1283868
1283871
1283874
1283886
1283889
1283892
1283895
1283898
1283901
1283904
1283905
1283907
1283908
1283910
1283911
1283913
1283915
1283916
1283918
1283919
1283921
1283922
1283923
1283924
1283925
1283926
1283927
1283928
1283929
1283930
1283931
1283934
1283937
1283949
1283952
1283955
1283967
1283970
1283973
1283976
1283979
1283982
1283985
1283986
1283988
1283989
1283991
1283992
1283994
1283996
1283997
1283999
1284000
1284002
1284003
1284004
1284005
1284006
1284007
1284008
1284009
1284010
1284011
1284498
1284501
1284504
1284516
1284519
1284522
1284534
1284537
1284540
1284543
1284546
1284549
1284552
1284555
1284558
1284561
1284564
1284567
1284570
1284573
1284576
1284579
1284582
1284585
1284597
1284600
1284603
1284615
1284618
1284621
1284624
1284627
1284630
1284633
1284636
1284639
1284642
1284645
1284648
1284651
1284654
1284657
1284660
1284663
1284666
1284678
1284681
1284684
1284696
1284699
1284702
1284705
1284708
1284711
1284714
1284717
1284720
1284723
1284726
1284729
1284732
1284735
1284738
1285227
1285230
1285233
1285245
1285248
1285251
1285263
1285266
1285269
1285272
1285275
1285278
1285281
1285284
1285287
1285290
1285293
1285296
1285299
1285302
1285305
1285308
1285311
1285314
1285326
1285329
1285332
1285344
1285347
1285350
1285353
1285356
1285359
1285362
1285365
1285368
1285371
1285374
1285377
1285380
1285383
1285386
1285389
1285392
1285395
1285407
1285410
1285413
1285425
1285428
1285431
1285434
1285437
1285440
1285443
1285446
1285449
1285452
1285455
1285458
1285461
1285464
1285467
1292760
1292761
1292762
1292763
1292764
1292765
1292766
1292767
1292768
1292769
1292770
1292772
1292773
1292775
1292776
1292778
1292780
1292781
1292783
1292784
1292786
1292787
1292790
1292793
1292796
1292799
1292802
1292814
1292817
1292820
1292832
1292835
1292838
1292841
1292842
1292843
1292844
1292845
1292846
1292847
1292848
1292849
1292850
1292851
1292853
1292854
1292856
1292857
1292859
1292861
1292862
1292864
1292865
1292867
1292868
1292871
1292874
1292877
1292880
1292883
1292895
1292898
1292901
1292913
1292916
1292919
1292922
1292923
1292924
1292925
1292926
1292927
1292928
1292929
1292930
1292931
1292932
1292934
1292935
1292937
1292938
1292940
1292942
1292943
1292945
1292946
1292948
1292949
1292952
1292955
1292958
1292961
1292964
1292976
1292979
1292982
1292994
1292997
1293000
1293489
1293492
1293495
1293498
1293501
1293504
1293507
1293510
1293513
1293516
1293519
1293522
1293525
1293528
1293531
1293543
1293546
1293549
1293561
1293564
1293567
1293570
1293573
1293576
1293579
1293582
1293585
1293588
1293591
1293594
1293597
1293600
1293603
1293606
1293609
1293612
1293624
1293627
1293630
1293642
1293645
1293648
1293651
1293654
1293657
1293660
1293663
1293666
1293669
1293672
1293675
1293678
1293681
1293684
1293687
1293690
1293693
1293705
1293708
1293711
1293723
1293726
1293729
1294218
1294221
1294224
1294227
1294230
1294233
1294236
1294239
1294242
1294245
1294248
1294251
1294254
1294257
1294260
1294272
1294275
1294278
1294290
1294293
1294296
1294299
1294302
1294305
1294308
1294311
1294314
1294317
1294320
1294323
1294326
1294329
1294332
1294335
1294338
1294341
1294353
1294356
1294359
1294371
1294374
1294377
1294380
1294383
1294386
1294389
1294392
1294395
1294398
1294401
1294404
1294407
1294410
1294413
1294416
1294419
1294422
1294434
1294437
1294440
1294452
1294455
1294458
1294947
1294950
1294953
1294956
1294959
1294962
1294974
1294976
1294977
1294979
1294980
1294982
1294983
1294984
1294985
1294986
1294987
1294988
1294989
1294990
1294991
1294992
1294993
1294995
1294996
1294998
1294999
1295010
1295013
1295016
1295019
1295022
1295025
1295028
1295031
1295034
1295037
1295040
1295043
1295055
1295057
1295058
1295060
1295061
1295063
1295064
1295065
1295066
1295067
1295068
1295069
1295070
1295071
1295072
1295073
1295074
1295076
1295077
1295079
1295080
1295091
1295094
1295097
1295100
1295103
1295106
1295109
1295112
1295115
1295118
1295121
1295124
1295136
1295138
1295139
1295141
1295142
1295144
1295145
1295146
1295147
1295148
1295149
1295150
1295151
1295152
1295153
1295154
1295155
1295157
1295158
1295160
1295161
1295172
1295175
1295178
1295181
1295184
1295187
1295676
1295679
1295682
1295685
1295688
1295691
1295703
1295706
1295709
1295712
1295715
1295718
1295721
1295724
1295727
1295739
1295742
1295745
1295748
1295751
1295754
1295757
1295760
1295763
1295766
1295769
1295772
1295784
1295787
1295790
1295793
1295796
1295799
1295802
1295805
1295808
1295820
1295823
1295826
1295829
1295832
1295835
1295838
1295841
1295844
1295847
1295850
1295853
1295865
1295868
1295871
1295874
1295877
1295880
1295883
1295886
1295889
1295901
1295904
1295907
1295910
1295913
1295916
1296405
1296408
1296411
1296414
1296417
1296420
1296432
1296435
1296438
1296441
1296444
1296447
1296450
1296453
1296456
1296468
1296471
1296474
1296477
1296480
1296483
1296486
1296489
1296492
1296495
1296498
1296501
1296513
1296516
1296519
1296522
1296525
1296528
1296531
1296534
1296537
1296549
1296552
1296555
1296558
1296561
1296564
1296567
1296570
1296573
1296576
1296579
1296582
1296594
1296597
1296600
1296603
1296606
1296609
1296612
1296615
1296618
1296630
1296633
1296636
1296639
1296642
1296645
1297134
1297137
1297140
1297152
1297155
1297158
1297170
1297173
1297176
1297179
1297182
1297185
1297188
1297189
1297191
1297192
1297194
1297195
1297197
1297199
1297200
1297202
1297203
1297205
1297206
1297207
1297208
1297209
1297210
1297211
1297212
1297213
1297214
1297215
1297218
1297221
1297233
1297236
1297239
1297251
1297254
1297257
1297260
1297263
1297266
1297269
1297270
1297272
1297273
1297275
1297276
1297278
1297280
1297281
1297283
1297284
1297286
1297287
1297288
1297289
1297290
1297291
1297292
1297293
1297294
1297295
1297296
1297299
1297302
1297314
1297317
1297320
1297332
1297335
1297338
1297341
1297344
1297347
1297350
1297351
1297353
1297354
1297356
1297357
1297359
1297361
1297362
1297364
1297365
1297367
1297368
1297369
1297370
1297371
1297372
1297373
1297374
1297375
1297376
1297863
1297866
1297869
1297881
1297884
1297887
1297899
1297902
1297905
1297908
1297911
1297914
1297917
1297920
1297923
1297926
1297929
1297932
1297935
1297938
1297941
1297944
1297947
1297950
1297962
1297965
1297968
1297980
1297983
1297986
1297989
1297992
1297995
1297998
1298001
1298004
1298007
1298010
1298013
1298016
1298019
1298022
1298025
1298028
1298031
1298043
1298046
1298049
1298061
1298064
1298067
1298070
1298073
1298076
1298079
1298082
1298085
1298088
1298091
1298094
1298097
1298100
1298103
1298592
1298595
1298598
1298610
1298613
1298616
1298628
1298631
1298634
1298637
1298640
1298643
1298646
1298649
1298652
1298655
1298658
1298661
1298664
1298667
1298670
1298673
1298676
1298679
1298691
1298694
1298697
1298709
1298712
1298715
1298718
1298721
1298724
1298727
1298730
1298733
1298736
1298739
1298742
1298745
1298748
1298751
1298754
1298757
1298760
1298772
1298775
1298778
1298790
1298793
1298796
1298799
1298802
1298805
1298808
1298811
1298814
1298817
1298820
1298823
1298826
1298829
1298832
